stock,Short Name,Market Cap,Sector,Industry,PE Ratio,Dividend Yield,Forward P/E Ratio,50日均差%,200日均差%,CurrentY成長,NextY成長,CurrentQ成長,NextQ成長,name,ethnic_group,Main_business_direction,Featured_Growth_Focus
GOOG,Alphabet Inc.,4167227932672,communication-services,internet-content-information,17.088264,0.0025198625,22.608173,-0.002467973,0.011169134,0.0925,0.2762,0.055999998,0.2024,,CSP,,
MSFT,Microsoft Corporation,3808562511872,technology,software-infrastructure,28.542017,0.0071518393,21.692709,0.06797882,0.18644771,0.1428,0.1973,0.1433,0.165,,CSP,,
AMZN,"Amazon.com, Inc.",2687409848320,consumer-cyclical,internet-retail,20.044247,0.0,23.78359,-0.027088495,0.03375974,0.7965,-0.1846,-0.0023999999,0.2497,,CSP,,
PLTR,Palantir Technologies Inc.,449492090880,technology,software-infrastructure,158.51695,0.0,80.521225,0.12632416,0.23021077,1.1487,0.4437,0.96989995,0.8552,PALANTIR,Cloud data platform,AI data analysis platform,AIP Enterprise AI Transformation Engine
ORCL,Oracle Corporation,416225099776,technology,software-infrastructure,21.520376,0.014514842,12.485007,-0.037822757,-0.16111098,0.067,0.3508,0.1825,0.1297,ORACLE,Enterprise Cloud and AI Platform,Cloud database and infrastructure,GENERATIVE_AI database integration
PANW,"Palo Alto Networks, Inc.",324999577600,technology,software-infrastructure,1018.7436,0.0,81.4315,0.10984789,0.6072687,0.090900004,0.4025,0.0446,-0.2936,PALOALTO_NETWORKS,Information Security and AI Protection,Firewalls and Cloud Security,CORTEXAI Threat Detection
CRWD,"CrowdStrike Holdings, Inc.",271086747648,technology,software-infrastructure,8825.0,0.0,164.8598,0.2311686,0.74839574,0.347,0.2785,0.2959,0.2737,CROWDSTRIKE,Information Security and AI Protection,Cloud endpoint protection,AI Behavior Analysis and ZEROTRUST
SHOP,Shopify Inc.,192442187776,technology,software-application,100.202705,0.0,60.521225,0.06814683,0.14297734,0.3361,0.2825,0.3516,0.3444,SHOPIFY,Marketing and Advertising AI,,
CRM,"Salesforce, Inc.",188936110080,technology,software-application,21.00366,0.00759842,14.342083,0.06360011,0.14272863,0.33830002,-0.044699997,0.060399998,-0.066599995,SALESFORCE,Enterprise Cloud and AI Platform,Cloud CRM and AI Marketing,EINSTEIN_GPT imports enterprise AI process
NOW,"ServiceNow, Inc.",138547838976,technology,software-application,83.75625,0.0,26.772497,0.056397952,0.15296847,0.1586,0.2308,0.0638,0.2722,SERVICENOW,Enterprise Cloud and AI Platform,Workflow automation platform,Cooperate with NVIDIA AI service agent
FTNT,"Fortinet, Inc.",131158646784,technology,software-infrastructure,63.166077,0.0,47.31892,0.10229184,0.52638113,0.25,0.095,0.1584,0.0809,FORTINET,Information Security and AI Protection,,
NET,"Cloudflare, Inc.",123659362304,technology,software-infrastructure,0,0.0,207.19034,0.14669876,0.49044272,0.35819998,0.32689998,0.2707,0.35189998,CLOUDFLARE,Cloud data platform,CDN與邊緣AI服務,WORKERSAI provides inference capabilities
SNOW,Snowflake Inc.,119796768768,technology,software-application,0,0.0,112.684845,0.06332806,0.5015368,0.77459997,0.35849997,0.71410006,0.8578,SNOWFLAKE,Cloud data platform,Cloud data warehousing and AI analysis,DATACLOUD+GENAI analysis
SPOT,Spotify Technology S.A.,100197629952,communication-services,internet-content-information,26.89735,0.0,27.889605,-0.055815678,-0.029034248,0.16790001,0.2564,-0.1292,-0.2331,SPOTIFY,Consumption and social AI,music streaming,AI playlist generation and recommendation
DDOG,"Datadog, Inc.",98332696576,technology,software-application,536.9608,0.0,92.10461,0.12690607,0.49738503,0.23290001,0.17639999,0.16440001,0.081999995,DATADOG,Cloud data platform,Cloud monitoring and observability,AI event detection and predictive maintenance
APP,Applovin Corporation,97566908416,communication-services,advertising-agencies,22.30645,0.0,13.842663,-0.14255449,-0.3718129,0.6064,0.27719998,0.6377,0.3749,APPLOVIN,Innovation and generative AI,Mobile APP Marketing Platform,AI prediction revenue optimization
ADBE,Adobe Inc.,95376154624,technology,software-application,13.396985,0.0,8.670458,-0.06733144,-0.08268453,0.1691,0.1304,0.1512,0.2292,ADOBE,AI-based content creation,Creative software and media platform,FIREFLY generative AI imaging
TEAM,Atlassian Corporation,45385256960,technology,software-application,0,0.0,26.648018,0.13764565,0.60088784,-0.0723,1.1936,2.7567,0.0654,ATLASSIAN,Enterprise Cloud and AI Platform,Collaboration and project management,AI automatic document summarization and task suggestions
TWLO,Twilio Inc.,44914606080,technology,software-infrastructure,40.395027,0.0,43.06817,0.26764977,0.68396,0.2125,0.1453,0.1739,0.114700004,TWILIO,Marketing and Advertising AI,Cloud communication API,AI customer service and marketing automation
ADSK,"Autodesk, Inc.",43681001472,technology,software-application,27.07254,0.0,14.718942,-0.10363134,-0.130142,0.2092,0.1258,0.14899999,0.1228,AUTODESK,AI-based content creation,3D modeling and design software,AI automatic design and BIM application
OKTA,"Okta, Inc.",36556804096,technology,software-infrastructure,125.215576,0.0,47.758583,0.3038498,0.89557815,0.122600004,0.1144,0.1399,0.1427,OKTA,Information Security and AI Protection,Identity verification platform,AI risk prediction and security verification
ZS,"Zscaler, Inc.",32516368384,technology,software-infrastructure,0,0.0,35.598,0.13431782,0.19419676,0.1658,0.14140001,0.20950001,0.1728,ZSCALER,Information Security and AI Protection,Zero Trust Security Platform,AI automated threat analysis
RBLX,Roblox Corporation,30268106752,communication-services,electronic-gaming-multimedia,0,0.0,-34.01246,-0.010998825,-0.24493669,0.043899998,0.1906,-0.1308,0.0311,ROBLOX,Consumption and social AI,Metaverse Platform,AI generates virtual world and content
MDB,"MongoDB, Inc.",28039372800,technology,software-infrastructure,491.0,0.0,44.735683,-0.09860086,0.013832117,0.3164,0.19770001,0.2182,0.0377,MONGODB,Cloud data platform,Cloud native database,Support AI application development
RDDT,"Reddit, Inc.",27404959744,communication-services,internet-content-information,33.12558,0.0,14.703499,-0.09862933,-0.16081318,1.0527999,0.3142,0.64339995,0.468,REDDIT,Consumption and social AI,social platform,AI recommendation and content summary
ROKU,"Roku, Inc.",22615199744,communication-services,entertainment,64.52543,0.0,38.533463,-0.0023552035,0.2422236,3.9487,0.3208,2.425,0.4642,ROKU,Consumption and social AI,Streaming video platform,AI ad matching and audience analysis
U,Unity Software Inc.,18012839936,technology,software-application,0,0.0,23.510153,0.010008822,0.2797784,0.4085,0.4373,0.7239,0.56060004,UNITY,AI-based content creation,Games and 3D engines,AI generated simulation and game scenes
TEM,"Tempus AI, Inc.",14777606144,healthcare,health-information-services,0,0.0,-10086.207,0.34908527,0.45372316,0.573,0.96879995,0.26950002,0.956,TEMU/PDD,Innovation and generative AI,E-commerce platform,AI recommendation and supply chain analysis
DOCU,"DocuSign, Inc.",12550499328,technology,software-application,40.94512,0.0,12.8885765,0.08379526,0.25103167,0.2034,0.1275,0.1672,0.17629999,DOCUSIGN,AI health education,Electronic signature platform,AI document generation and approval
FIG,"Figma, Inc.",11203867648,technology,software-application,0,0.0,60.057144,-0.13642222,-0.15195258,-0.0419,0.2176,-0.58529997,-0.3486,FISCAL_NOTE,Marketing and Advertising AI,Policy and AI data analysis,AI Monitoring and Compliance Reporting
PINS,"Pinterest, Inc.",10697652224,communication-services,internet-content-information,55.558823,0.0,7.8642797,-0.13170186,-0.11440747,0.2634,0.1882,0.27969998,0.2576,PINTEREST,Consumption and social AI,Image search and inspiration platform,AI image recommendation
HUBS,"HubSpot, Inc.",10493071360,technology,software-application,72.94662,0.0,12.171457,-0.109631985,-0.17620222,0.3705,0.26680002,0.2296,0.3213,HUBSPOT,Enterprise Cloud and AI Platform,Marketing Automation SAAS,AI-assisted CRM and marketing assistant
ESTC,Elastic N.V.,9627700224,technology,software-application,26.199999,0.0,23.185488,0.13746591,0.41465515,0.3071,0.17729999,0.26450002,0.3048,ELASTIC,Cloud data platform,Search and Observability Platform,AI semantic search and analysis
SNAP,Snap Inc.,9132468224,communication-services,internet-content-information,0,0.0,6.9636087,0.020909743,-0.04548949,0.75839996,2.9551,1.0606999,1.9753,SNAP,Consumption and social AI,Social Media and AR Filters,AI virtual character and lens generation
ZETA,Zeta Global Holdings Corp.,7869062656,technology,software-infrastructure,Infinity,0.0,26.117674,0.13875742,0.4990148,0.0794,0.2584,0.0307,-0.1121,ZETAGLOBAL,Marketing and Advertising AI,Digital Marketing Automation,GENAI content generation and customer prediction
HIMS,"Hims & Hers Health, Inc.",6950406656,healthcare,drug-manufacturers-specialty-generic,0,0.0,40.406372,0.01072818,0.07711558,-2.0986,1.748,-0.061300002,0.4332,HIMS&HERSHEALTH,AI health education,Online medical services,AI diagnosis and prescription generation
DUOL,"Duolingo, Inc.",6634859520,technology,software-application,16.832151,0.0,18.64106,0.009264753,0.11138428,-0.438,0.1552,-0.76699996,0.0683,DUOLINGO,AI health education,Online education platform,AI teaching assistant and voice dialogue
TTD,"The Trade Desk, Inc.",5753916416,communication-services,advertising-agencies,0.14488095,0.0,12.056907,-0.18047139,-0.47013983,-0.3458,-0.1348,-0.4385,-0.5091,THETRADEDESK,Marketing and Advertising AI,Digital advertising exchange platform,AI delivery algorithm optimization
DOCS,"Doximity, Inc.",5051491328,healthcare,health-information-services,33.341175,0.0,18.201202,0.15090966,0.048532568,-0.1094,0.15020001,-0.22049999,-0.0923,DOXIMITY,AI health education,Medical social platform,AI Summary and Physician Support
KVYO,"Klaviyo, Inc. Series A",4707671040,technology,software-application,524.3333,0.0,14.8723135,-0.1070719,-0.18945728,0.2306,0.28280002,-0.0422,0.2947,KLAVIYO,Innovation and generative AI,Marketing email automation,AI customer prediction and personalization
FSLY,"Fastly, Inc.",4089231104,technology,software-application,0,0.0,40.71372,0.07207589,0.30120125,3.0405,0.20040001,0.6937,0.0592,FASTLY,Cloud data platform,Edge computing and CDN,AI traffic prediction and security
SOUN,"SoundHound AI, Inc.",2673555200,technology,software-application,0,0.0,-38.22222,-0.089713134,-0.2357642,-0.4,0.45049998,-0.8667,-1.4,SOUNDHOUNDAI,AI health education,Voice AI platform,GENERATIVEVOICEAI
AI,"C3.ai, Inc.",1766970624,technology,software-infrastructure,0,0.0,-23.104252,0.091707356,0.06477283,0.4372,0.374,0.1498,0.5373,C3.AI,Cloud data platform,Enterprise AI development platform,Enterprise AI model integration
APPS,"Digital Turbine, Inc.",1343280384,technology,software-application,0,0.0,11.684211,0.01429152,0.60199744,0.29459998,0.3103,0.2,0.111099996,DIGITAL_TURBINE,Marketing and Advertising AI,Mobile Advertising SDK Aggregation,AI traffic optimization
