Ticker,Short Name,Market Cap,Sector,Industry,PE Ratio,Dividend Yield,Forward P/E Ratio,50日均差%,200日均差%,CurrentY成長,NextY成長,CurrentQ成長,NextQ成長
AAPL,Apple Inc.,4820749516800,technology,consumer-electronics,37.837345,0.0031529637,34.46991,0.025561422,0.14455801,0.1823,0.0857,0.0695,0.0232
ABBV,AbbVie Inc.,459326783488,healthcare,drug-manufacturers-general,74.05413,0.026109561,15.986916,0.009076299,0.12447256,0.4007,0.1607,1.0665001,0.425
ABNB,"Airbnb, Inc.",96087138304,consumer-cyclical,travel-services,36.55353,0.0,25.937185,-0.049179375,0.12078116,0.3185,0.1753,0.2975,0.4954
ABT,Abbott Laboratories,167310770176,healthcare,medical-devices,31.291264,0.025093595,15.941109,-0.09619291,-0.07307679,0.0718,0.098900005,0.0923,0.0919
ACGL,Arch Capital Group Ltd.,32164257792,financial-services,insurance-diversified,7.375587,0.0,9.649571,-0.04229118,-0.021966795,-0.039,0.033,-0.3053,-0.1672
ACN,Accenture plc,129915305984,technology,information-technology-services,16.95687,0.0,14.477484,0.19642569,0.07991447,0.048699997,0.0771,0.0069999998,0.0699
ADBE,Adobe Inc.,95908798464,technology,software-application,13.47933,0.0,8.71888,-0.06305359,-0.07560917,0.1691,0.1304,0.1512,0.2292
ADI,"Analog Devices, Inc.",196055187456,technology,semiconductors,48.109394,0.010813945,24.749023,0.080715545,0.12946197,0.65529996,0.2678,0.7032,0.5398
ADM,Archer-Daniels-Midland Company,38325424128,consumer-defensive,farm-products,21.726774,0.025951121,14.024395,-0.03210887,0.07157096,0.6035,0.0309,0.703,0.5747
ADP,"Automatic Data Processing, Inc.",104594554880,technology,software-application,24.127972,0.02573045,19.7008,-0.024663512,0.10896262,0.1024,0.093,0.109799996,0.113400005
ADSK,"Autodesk, Inc.",44163788800,technology,software-application,27.407263,0.0,14.881624,-0.093556955,-0.118842065,0.2092,0.1258,0.14899999,0.1228
AEE,Ameren Corporation,27584663552,utilities,utilities-regulated-electric,17.542253,0.029382171,17.175549,-0.06496804,-0.07596448,0.0089,0.0809,-0.003,-0.2482
AEP,American Electric Power Company,65191583744,utilities,utilities-regulated-electric,20.86237,0.031861093,17.464314,-0.037571266,-0.057097036,0.069,0.0744,0.0598,0.21129999
AES,The AES Corporation,10644504576,utilities,utilities-diversified,5.588015,0.047248323,6.2940307,0.009322037,0.016705425,-0.0225,0.0363,0.2387,-0.2642
AFL,AFLAC Incorporated,55739346944,financial-services,insurance-life,11.993527,0.021291824,14.720466,-0.0680434,-0.033480864,-0.0634,0.0767,-0.28120002,0.090299994
AIG,"American International Group, I",39441833984,financial-services,insurance-diversified,13.590991,0.02485891,8.5626,-0.016622143,-0.023060944,0.138,0.091800004,-0.17040001,0.0799
AIZ,"Assurant, Inc.",13131959296,financial-services,insurance-property-casualty,12.738756,0.013055028,11.361531,-0.050892655,0.06460544,0.1309,0.0481,-0.1967,-0.0466
AJG,Arthur J. Gallagher & Co.,59424968704,financial-services,insurance-brokers,38.50831,0.011836395,15.5946865,-0.073668525,-0.00602396,0.22709998,0.13319999,0.29299998,0.1776
AKAM,"Akamai Technologies, Inc.",15367616512,technology,software-infrastructure,38.60289,0.0,15.612156,-0.048535097,-0.04065787,-0.0675,0.031600002,-0.1014,-0.0376
ALB,Albemarle Corporation,12394071040,basic-materials,specialty-chemicals,375.10715,0.015314804,9.296953,-0.14841002,-0.32513404,15.6287,-0.0227,14.4198,5.1877003
ALGN,"Align Technology, Inc.",10325287936,healthcare,medical-instruments-supplies,25.233505,0.0,11.6227,-0.09834709,-0.14757167,0.074200004,0.107700005,0.069699995,-0.021
ALL,Allstate Corporation (The),56743854080,financial-services,insurance-property-casualty,4.4935927,0.018750563,8.0878725,-0.119341895,-0.0008012242,0.0113,-0.21129999,-0.42290002,-0.35779998
ALLE,Allegion plc,13119474688,industrials,security-protection-services,20.16732,0.0137868235,15.765621,-0.023593722,0.026085746,0.100600004,0.0923,0.088599995,0.16360001
AMAT,"Applied Materials, Inc.",420051124224,technology,semiconductor-equipment-materials,45.590008,0.003871876,28.673565,0.08451867,0.24568795,0.3577,0.4434,0.8711,0.76449996
AMCR,Amcor plc,19313950720,consumer-cyclical,packaging-containers,17.567226,0.0621118,9.59678,-0.07144183,-0.023153603,0.1341,0.0791,,
AMD,"Advanced Micro Devices, Inc.",1005163773952,technology,semiconductors,157.07397,0.0,39.512196,0.20641053,0.6615879,0.817,1.0567,0.6078,0.73120004
AME,"AMETEK, Inc.",57106681856,industrials,specialty-industrial-machinery,36.25764,0.0052476483,25.839962,0.02345955,0.08401141,0.123900004,0.15439999,0.11229999,0.086899996
AMGN,Amgen Inc.,220183183360,healthcare,drug-manufacturers-general,25.296272,0.023249745,16.65796,-0.001855316,0.11977599,0.0557,0.060399998,0.025,0.0968
AMP,"Ameriprise Financial, Inc.",43709042688,financial-services,asset-management,12.080566,0.01320199,9.576829,-0.09156867,0.0034524295,0.1842,0.1105,0.195,0.1458
AMT,American Tower Corporation (REI,75047526400,real-estate,reit-specialty,22.154057,0.042641576,22.975618,-0.06923901,-0.0904332,0.2932,0.0038,-0.1008,-0.051799998
AMZN,"Amazon.com, Inc.",2677486387200,consumer-cyclical,internet-retail,19.970232,0.0,23.695768,-0.03080206,0.029539453,0.7965,-0.1846,-0.0023999999,0.2497
ANET,"Arista Networks, Inc.",257907851264,technology,computer-hardware,64.30503,0.0,39.309956,0.063890725,0.29332376,0.3799,0.265,0.4356,0.3996
AON,Aon plc,58536017920,financial-services,insurance-brokers,15.220631,0.011038046,13.625465,-0.16976807,-0.17038544,0.0916,0.086899996,0.0923,0.0337
AOS,A.O. Smith Corporation,7701938688,industrials,specialty-industrial-machinery,15.873949,0.025190704,13.8682575,-0.05953773,-0.121133715,-0.0287,0.0928,-0.0452,0.0696
APA,APA Corporation,15184234496,energy,oil-gas-e-p,9.14346,0.024073182,9.695315,0.049628537,0.23270504,0.6462,-0.2742,0.48380002,0.5882
APD,"Air Products and Chemicals, Inc",60866633728,basic-materials,specialty-chemicals,0.0,0.026047317,18.932787,-0.07837387,-0.04219558,0.1184,0.0731,0.0589,0.0995
APH,Amphenol Corporation,211259375616,technology,electronic-components,42.835,0.0054329773,26.058205,0.05967157,0.15886079,0.59860003,0.2315,0.5512,0.53110003
APO,"Apollo Global Management, Inc. ",67522703360,financial-services,asset-management,40.69039,0.01848182,10.656938,-0.11282501,-0.09943902,0.0444,0.2259,0.0422,-0.0095
APP,Applovin Corporation,94503149568,communication-services,advertising-agencies,22.326189,0.0,13.40798,-0.16264375,-0.3887192,0.6064,0.27719998,0.6377,0.3749
APTV,Aptiv PLC,9129637888,consumer-cyclical,auto-parts,19.895927,0.0,6.7170587,-0.08792203,-0.30929938,-0.26770002,0.1432,-0.38759997,-0.1249
ARE,Alexandria Real Estate Equities,8093640704,real-estate,reit-office,0.0,0.073324904,-58.061726,-0.07911435,-0.064942084,1.1726,,-1.0,
ARES,Ares Management Corporation,38675120128,financial-services,asset-management,53.472477,0.042523887,16.2169,-0.12593652,-0.10621732,0.22600001,0.2318,0.09,0.3728
ATO,Atmos Energy Corporation,26426431488,utilities,utilities-regulated-gas,18.638855,0.024737917,17.338758,-0.0669384,-0.10441096,0.1338,0.066300005,0.071100004,0.0766
AVB,"AvalonBay Communities, Inc.",26283393024,real-estate,reit-residential,25.248285,0.038357057,36.584446,0.0,0.0,-0.08229999,0.0942,-0.15619999,0.1004
AVGO,Broadcom Inc.,1640410251264,technology,semiconductors,43.887615,0.0074033993,17.728107,-0.08370627,-0.06493025,0.7093,0.6636,0.9629,0.9899
AVY,Avery Dennison Corporation,13006760960,consumer-cyclical,packaging-containers,18.756285,0.022382375,15.342062,-0.00941529,-0.0073641334,0.0688,0.09819999,-0.016900001,0.016
AWK,"American Water Works Company, I",25409488896,utilities,utilities-regulated-water,22.43158,0.026090987,19.473488,-0.059916537,-0.031308986,0.0789,0.0791,0.0714,0.1408
AXON,"Axon Enterprise, Inc.",34299248640,industrials,aerospace-defense,175.19086,0.0,40.04317,-0.20748438,-0.15280859,0.1172,0.3777,0.66480005,0.0581
AXP,American Express Company,204004343808,financial-services,credit-services,18.330704,0.011640907,14.9715605,-0.08220673,-0.09291951,0.1496,0.13949999,0.105500005,0.2142
AZO,"AutoZone, Inc.",45592174592,consumer-cyclical,auto-parts,19.685965,0.0,14.654118,-0.050624598,-0.14660177,0.1093,0.12529999,0.1375,0.1449
BA,Boeing Company (The),151972347904,industrials,aerospace-defense,69.41516,0.0,46.592663,-0.097143054,-0.12945329,-1.9106,4.7954,0.9788,-0.9982
BAC,Bank of America Corporation,375720378368,financial-services,banks-diversified,12.408776,0.020576887,10.175924,-0.12175173,-0.028696256,0.20899999,0.1388,0.0718,0.1711
BALL,Ball Corporation,14955740160,consumer-cyclical,packaging-containers,16.051136,0.014278065,12.492345,-0.08841561,-0.05837494,0.1273,0.1238,0.042,0.086899996
BAX,Baxter International Inc.,12221785088,healthcare,medical-instruments-supplies,0.0,0.008333334,11.608721,-0.06107761,0.13716717,-0.0983,-0.0052,-0.248,0.3925
BBY,"Best Buy Co., Inc.",18393118720,consumer-cyclical,specialty-retail,14.592345,0.043291025,12.158248,0.0019513404,0.20458339,0.0625,0.0558,0.0645,-0.0072000003
BDX,"Becton, Dickinson and Company",48503922688,healthcare,medical-instruments-supplies,30.968697,0.023407822,13.386216,-0.005855318,0.09713616,-0.1234,0.0538,0.026600001,-0.0582
BEN,"Franklin Templeton, Inc.",16512498688,financial-services,asset-management,22.108843,0.040784556,10.19026,-0.034054816,0.103981465,0.3038,0.1019,0.14829999,0.0696
BG,Bunge Limited,20481818624,consumer-defensive,farm-products,22.976294,0.026554465,9.466331,-0.068276845,-0.08104256,0.2701,0.1713,0.092700005,0.66440004
BIIB,Biogen Inc.,32922548224,healthcare,drug-manufacturers-general,39.577267,0.0,13.474965,0.03923266,0.14426838,-0.17940001,0.3188,-0.5782,0.6433
BKNG,Booking Holdings Inc. Common St,120431263744,consumer-cyclical,travel-services,17.789124,0.009870481,12.960182,-0.15739846,-0.12508075,0.1451,0.1839,0.1276,0.18280001
BKR,Baker Hughes Company,55212527616,energy,oil-gas-equipment-services,17.884245,0.016757742,18.380335,-0.08281994,-0.061503425,-0.0004,0.16440001,-0.088599995,-0.087799996
BLDR,"Builders FirstSource, Inc.",6170656768,industrials,building-products-equipment,62.336952,0.0,12.970886,-0.13671382,-0.3337117,-0.5423,0.3833,-0.42830002,-0.4351
BLK,"BlackRock, Inc.",172933152768,financial-services,asset-management,25.52422,0.02067486,16.537691,-0.04028862,0.0030728697,0.1697,0.1442,0.2339,0.1709
BMY,Bristol-Myers Squibb Company,125545242624,healthcare,drug-manufacturers-general,13.749441,0.04022436,9.361995,-0.047128867,0.036134016,0.12979999,-0.0552,0.061100002,0.2665
BNY,The Bank of New York Mellon Cor,97650311168,financial-services,banks-diversified,17.07236,0.014658092,14.0404005,-0.089392886,0.054430038,0.2364,0.1067,0.1879,0.1101
BR,"Broadridge Financial Solutions,",18193840128,technology,information-technology-services,16.786457,0.024208566,13.92126,-0.040015016,-0.06210178,0.0988,0.097399995,-0.0934,0.119799994
BRO,"Brown & Brown, Inc.",20668882944,financial-services,insurance-brokers,19.734823,0.010591133,12.833324,-0.10259236,-0.09348663,0.0519,0.074200004,0.0318,0.0058999998
BSX,Boston Scientific Corporation,62650191872,healthcare,medical-devices,17.502024,0.0,12.674372,-0.07807077,-0.3052838,0.067,0.0446,0.0148,0.0463
BX,Blackstone Inc.,134160220160,financial-services,asset-management,25.109621,0.046658937,15.034794,-0.15552773,-0.12848619,0.0777,0.24360001,-0.1078,0.0076
BXP,"BXP, Inc.",10896056320,real-estate,reit-office,32.387096,0.045819014,27.10071,-0.10192766,-0.043415453,,0.060100004,2.4961,-0.1125
C,"Citigroup, Inc.",213034467328,financial-services,banks-diversified,13.685346,0.018535683,9.847885,-0.05297524,0.010211876,0.48439997,0.1539,0.1575,0.8659
CAG,"ConAgra Brands, Inc.",6301832192,consumer-defensive,packaged-foods,0.0,0.0,8.591232,-0.13268594,-0.15628807,-0.1519,0.045100003,-0.236,-0.1267
CAH,"Cardinal Health, Inc.",53279490048,healthcare,medical-distribution,30.760695,0.009225891,16.367134,-0.010079489,0.056756895,0.1476,0.1187,0.1529,0.187
CARR,Carrier Global Corporation,45519228928,industrials,building-products-equipment,39.44286,0.017225664,16.669786,-0.08012352,-0.10358232,0.1125,0.1444,0.1446,1.0876
CASY,"Caseys General Stores, Inc.",22896824320,consumer-cyclical,specialty-retail,29.84104,0.0038786442,26.414577,-0.17987669,-0.15321717,0.113000005,0.09770001,0.23290001,0.6747
CAT,"Caterpillar, Inc.",379852324864,industrials,farm-heavy-construction-machinery,34.970375,0.0075975284,25.52248,0.0007992989,0.04248344,0.4264,0.1909,0.39740002,0.3404
CB,Chubb Limited,127815491584,financial-services,insurance-property-casualty,11.735742,0.012083014,11.3561535,-0.03547187,0.004748196,0.121700004,0.049099997,-0.14140001,-0.0418
CBOE,"Cboe Global Markets, Inc.",28947232768,financial-services,financial-data-stock-exchanges,21.604834,0.0104616955,18.208632,-0.03772386,-0.033687457,0.3225,0.0788,0.2879,0.1371
CBRE,CBRE Group Inc,37798264832,real-estate,real-estate-services,29.869566,0.0,14.351274,-0.0950938,-0.102542415,0.22479999,0.1612,0.21440001,-0.0070999996
CCI,Crown Castle Inc.,28894441472,real-estate,reit-specialty,26.987755,0.06376594,22.800472,-0.10997202,-0.20558488,-0.085200004,0.2579,0.0618,0.1
CCL,Carnival Corporation Ltd.,33709377536,consumer-cyclical,travel-services,11.044053,0.018337406,9.693384,-0.008361918,-0.08857245,0.0037,0.1346,-0.36540002,-0.44349998
CDNS,"Cadence Design Systems, Inc.",96588587008,technology,software-application,65.803,0.0,36.659554,0.10326252,0.077870205,0.1842,0.1745,0.059899997,0.016900001
CDW,CDW Corporation,16981116928,technology,information-technology-services,16.325722,0.019623907,11.304819,-0.045019012,0.031114882,0.0937,0.0964,0.091800004,0.0979
CEG,Constellation Energy Corporatio,91737276416,utilities,utilities-independent-power-producers,24.824545,0.0064128805,19.438206,-0.04863491,-0.10332352,0.2933,0.09689999,0.2345,0.35799998
CF,"CF Industries Holdings, Inc.",17334269952,basic-materials,agricultural-inputs,8.497033,0.017361112,10.3641,-0.08301979,0.021461459,0.7066,-0.2697,0.3786,0.3852
CFG,"Citizens Financial Group, Inc.",26828961792,financial-services,banks-regional,13.8779955,0.028230866,9.755769,-0.09181378,-0.021366335,0.3709,0.2347,0.3245,0.31370002
CHD,"Church & Dwight Company, Inc.",22323259392,consumer-defensive,household-personal-products,30.163464,0.012789217,23.321974,-0.044967975,-0.018727193,0.0683,0.07,0.1092,0.1992
CHRW,"C.H. Robinson Worldwide, Inc.",17894600704,industrials,integrated-freight-logistics,28.254612,0.016964044,20.409578,-0.0016259592,-0.11132237,0.22690001,0.2015,0.2148,0.29659998
CHTR,"Charter Communications, Inc.",14473377792,communication-services,telecom-services,2.8979964,0.0,2.3675594,-0.20990986,-0.3667433,0.093100004,0.0987,0.0714,0.0855
CI,The Cigna Group,70805880832,healthcare,healthcare-plans,11.077304,0.022587648,8.015546,-0.041696742,-0.043068554,0.0224,0.095699996,-0.0423,-0.08140001
CIEN,Ciena Corporation,53765287936,technology,communication-equipment,84.8188,0.0,32.053555,0.011991004,-0.026959155,1.7142999,0.7647,11.438399,0.747
CINF,Cincinnati Financial Corporatio,24886464512,financial-services,insurance-property-casualty,7.524362,0.022714438,17.89808,-0.056923117,-0.03196723,0.069699995,0.0654,-0.29930001,-0.1305
CL,Colgate-Palmolive Company,67385016320,consumer-defensive,household-personal-products,33.279526,0.024496013,20.614458,-0.05967657,-0.04397023,0.0497,0.0587,0.0216,0.017
CLX,Clorox Company (The),9753085952,consumer-defensive,household-personal-products,16.907757,0.061350446,12.882173,-0.16161796,-0.2062289,0.045100003,0.082200006,0.2872,-0.0354
CMCSA,Comcast Corporation,77005414400,communication-services,telecom-services,6.9551287,0.060661767,6.056327,-0.12271476,-0.18878907,-0.19219999,0.0292,-0.1195,-0.2013
CME,CME Group Inc.,95324463104,financial-services,financial-data-stock-exchanges,22.22129,0.019467134,20.508402,-0.01821726,-0.048142936,0.0938,0.0552,0.0954,0.0688
CMG,"Chipotle Mexican Grill, Inc.",40898310144,consumer-cyclical,restaurants,29.925924,0.0,23.568876,-0.06792179,-0.07418815,-0.0174,0.19049999,0.0017,0.13520001
CMI,Cummins Inc.,71172538368,industrials,specialty-industrial-machinery,26.404495,0.015486768,14.952322,-0.11826623,-0.14297806,0.395,0.17959999,1.1791,1.0074
CMS,CMS Energy Corporation,19956049920,utilities,utilities-regulated-electric,19.168674,0.035272665,15.314643,-0.07552945,-0.12697484,0.0723,0.0735,0.2086,0.3171
CNC,Centene Corporation,30128756736,healthcare,healthcare-plans,0.0,0.0,11.404775,-0.059118565,0.16003503,1.3484,0.094799995,-0.8056,0.08229999
CNP,"CenterPoint Energy, Inc (Holdin",24510980096,utilities,utilities-regulated-electric,22.14881,0.024456521,17.826004,-0.06837592,-0.100947164,0.0857,0.0924,-0.0175,0.028099999
COF,Capital One Financial Corporati,119310532608,financial-services,credit-services,10.901345,0.015538406,8.158824,-0.07974444,-0.056354806,0.0323,0.1776,-0.08930001,0.2394
COHR,Coherent Corp.,62507692032,technology,scientific-technical-instruments,77.473305,0.0,22.725348,0.07684646,0.11012605,0.6792,0.491,0.6925,0.70269996
COIN,"Coinbase Global, Inc.",49941688320,financial-services,financial-data-stock-exchanges,0.0,0.0,66.76401,0.10093157,0.016939636,-1.4554,2.3991,-1.1473,1.0411
COO,"The Cooper Companies, Inc.",10916815872,healthcare,medical-instruments-supplies,19.728521,0.0,12.231158,-0.14940841,-0.1984592,0.0994,0.036199998,-0.025999999,-0.047
COP,ConocoPhillips,152641929216,energy,oil-gas-e-p,16.806879,0.026368357,13.151943,-0.0050553726,0.0933386,0.71849996,-0.0874,0.6426,1.6557001
COR,"Cencora, Inc.",59114438656,healthcare,medical-distribution,22.980713,0.007826811,15.624849,-0.024099782,-0.027606517,0.1174,0.109,0.18969999,0.1262
COST,Costco Wholesale Corporation,405561769984,consumer-defensive,discount-stores,44.072254,0.0,36.57643,-0.019866012,-0.047896706,0.0975,0.0955,0.08930001,0.1172
CPAY,"Corpay, Inc.",25589516288,technology,software-infrastructure,23.706203,0.0,12.392831,-0.026833074,0.12654589,0.28120002,0.148,0.261,0.22709998
CPB,The Campbell's Company,5812594176,consumer-defensive,packaged-foods,14.877863,0.079673134,10.618128,-0.11876947,-0.16377053,-0.2182,0.082399994,-0.4644,-0.18049999
CPRT,"Copart, Inc.",25279557632,industrials,specialty-business-services,17.606453,0.0,15.588763,-0.10491718,-0.18804166,,0.10609999,-0.0311,0.0404
CPT,Camden Property Trust,11182082048,real-estate,reit-residential,31.88779,0.043626584,88.642204,-0.092316516,-0.09694268,0.7909,-0.5251,-0.5722,-0.45720002
CRH,CRH PLC,54353739776,basic-materials,building-materials,14.4346285,0.018357487,12.580572,-0.12624994,-0.2490654,0.023699999,0.1287,-0.0152,0.0947
CRL,Charles River Laboratories Inte,13815948288,healthcare,diagnostics-research,0.0,0.0,22.519535,0.04879142,0.3721231,0.103999995,0.1223,0.2199,0.38810003
CRM,"Salesforce, Inc.",194795864064,technology,software-application,21.265947,0.00745742,14.786896,0.090573534,0.17913172,0.3382,-0.0438,0.060399998,-0.066599995
CRWD,"CrowdStrike Holdings, Inc.",272458825728,technology,software-infrastructure,8869.667,0.0,165.69421,0.22898728,0.749427,0.347,0.2785,0.2959,0.2737
CSCO,"Cisco Systems, Inc.",428795756544,technology,communication-equipment,32.660664,0.015423209,19.345842,-0.030457292,0.11669665,0.1883,0.0923,0.3218,0.18290001
CSGP,"CoStar Group, Inc.",11232076800,real-estate,real-estate-services,153.99998,0.0,15.576009,-0.08440519,-0.31474426,0.5596,0.3116,0.485,0.5277
CSX,CSX Corporation,86214180864,industrials,railroads,26.901733,0.011610407,20.46479,-0.061962094,0.052895926,0.3035,0.1361,0.4488,0.2855
CTAS,Cintas Corporation,78145527808,industrials,specialty-business-services,38.42829,0.009586794,31.748299,-0.0317004,0.040307187,0.12149999,0.111999996,0.1263,0.084
CTSH,Cognizant Technology Solutions ,27423045632,technology,information-technology-services,13.064379,0.022632312,9.614883,0.045767836,-0.005492022,0.0877,0.1025,0.0545,0.1282
CTVA,"Corteva, Inc.",8386653696,basic-materials,agricultural-inputs,7.6181817,0.009272376,3.047901,-0.8465494,-0.8402538,0.1263,0.3032,-0.6654,0.43310001
CVNA,Carvana Co.,69877555200,consumer-cyclical,auto-truck-dealerships,33.892475,0.0,27.868158,-0.08197026,-0.12708284,-0.0734,0.44939998,1.1171,-0.55990005
CVS,CVS Health Corporation,108968271872,healthcare,healthcare-plans,22.480211,0.031042129,9.98981,-0.11035746,-0.027644306,0.1916,0.060300004,0.0155,0.16440001
CVX,Chevron Corporation,406248062976,energy,oil-gas-integrated,20.145916,0.0341805,14.649834,0.025145028,0.11304862,1.2758,-0.1299,1.5433,1.8449
D,"Dominion Energy, Inc.",53439995904,utilities,utilities-regulated-electric,21.02422,0.04411765,15.92982,-0.08430821,-0.05560895,0.0482,0.064,0.1314,-0.0163
DAL,"Delta Air Lines, Inc.",55325822976,industrials,airlines,13.951906,0.009321831,10.200233,0.00119476,0.11190034,0.0234,0.3515,0.119399995,0.1718
DASH,"DoorDash, Inc.",78936055808,consumer-cyclical,internet-retail,95.379585,0.0,22.369257,-0.11284787,-0.026539255,0.2139,0.7343,0.4936,0.734
DD,"DuPont de Nemours, Inc.",17447553024,basic-materials,specialty-chemicals,55.450645,0.02332743,16.221455,-0.048847485,-0.060832243,0.4405,0.0971,-0.41959998,0.3483
DDOG,"Datadog, Inc.",99269869568,technology,software-application,552.92,0.0,92.98243,0.13586453,0.50655085,0.23290001,0.17639999,0.16440001,0.081999995
DE,Deere & Company,179910246400,industrials,farm-heavy-construction-machinery,37.07,0.009649319,29.210737,0.032456923,0.13872553,-0.020299999,0.2594,0.036199998,0.3639
DECK,Deckers Outdoor Corporation,10835990528,consumer-cyclical,footwear-accessories,11.318634,0.0,9.557246,-0.101823434,-0.2161591,0.070199996,0.1116,-0.019,0.114300005
DELL,Dell Technologies Inc.,344445190144,technology,computer-hardware,31.478212,0.0042940793,18.605541,0.118156694,0.8749999,1.5142999,0.0083,1.5317999,1.04
DG,Dollar General Corporation,26237954048,consumer-defensive,discount-stores,15.445455,0.01973574,14.348537,-0.042693634,-0.063488394,0.1548,0.0585,0.1005,0.0547
DGX,Quest Diagnostics Incorporated,25506179072,healthcare,diagnostics-research,24.531847,0.014244647,19.159372,-0.025981415,0.12403411,0.1362,0.077800006,0.1013,0.107
DHI,"D.R. Horton, Inc.",38335856640,consumer-cyclical,residential-construction,13.268151,0.012806441,11.785231,-0.050849456,-0.07846962,-0.0991,0.0991,-0.0124,0.0856
DHR,Danaher Corporation,148864319488,healthcare,diagnostics-research,37.74688,0.0064996616,22.764996,0.019501276,0.049626235,0.09060001,0.0935,0.012200001,0.1586
DIS,Walt Disney Company (The),174965178368,communication-services,entertainment,21.65171,0.014299332,13.536784,-0.025678705,-0.025168318,0.1685,0.080299996,0.52599996,0.19409999
DLR,"Digital Realty Trust, Inc.",66653872128,real-estate,reit-specialty,86.09269,0.027801516,63.8975,-0.06229672,-0.023914022,1.0241001,-0.1333,0.7061,0.32970002
DLTR,"Dollar Tree, Inc.",21470535680,consumer-defensive,discount-stores,14.023285,0.0,14.461983,-0.079580896,-0.025770694,0.3791,-0.0022,-0.2345,0.0255
DOC,"Healthpeak Properties, Inc.",13781935104,real-estate,reit-healthcare-facilities,55.54286,0.061091643,138.85715,-0.07527206,0.030971553,1.3077,0.5556,1.1374,-0.6862
DOV,Dover Corporation,25327962112,industrials,specialty-industrial-machinery,22.740023,0.01112002,16.142504,-0.051681064,-0.10515456,0.1101,0.092,0.0888,0.1228
DOW,Dow Inc.,19929380864,basic-materials,chemicals,0.0,0.050835148,16.072187,-0.07884718,-0.13679959,3.5693,-0.2892,4.4749,2.2854
DPZ,Domino's Pizza Inc,9759112192,consumer-cyclical,restaurants,16.71388,0.024899038,14.135996,-0.11159882,-0.16942236,0.084,0.0975,0.078099996,0.2134
DRI,"Darden Restaurants, Inc.",22414278656,consumer-cyclical,restaurants,19.353922,0.031668823,15.9179535,-0.06710194,-0.031849276,0.0577,0.1018,0.083900005,0.1093
DTE,DTE Energy Company,25651015680,utilities,utilities-regulated-electric,19.504745,0.03764368,14.73707,-0.092650205,-0.12574565,0.047399998,0.0851,0.0684,0.2354
DUK,Duke Energy Corporation (Holdin,88683323392,utilities,utilities-regulated-electric,17.129519,0.037365146,15.860289,-0.06351997,-0.0829483,0.0635,0.0687,0.0121,0.025899999
DVA,DaVita Inc.,11251130368,healthcare,medical-care-facilities,14.819328,0.0,10.2871,-0.08003176,0.040367313,0.3704,0.1604,0.4147,0.28530002
DVN,Devon Energy Corporation,51875999744,energy,oil-gas-e-p,10.252174,0.022589052,8.753418,0.0069779838,0.059972998,0.3765,-0.0837,0.18540001,0.612
DXCM,"DexCom, Inc.",32539820032,healthcare,medical-devices,34.083004,0.0,27.623125,0.0052201934,0.18357824,0.2744,0.172,0.1016,0.0795
EA,Electronic Arts Inc.,52925640704,communication-services,electronic-gaming-multimedia,59.743587,Infinity,21.720531,0.0,0.0,0.0851,0.1292,0.65269995,-0.2169
EBAY,eBay Inc.,47121051648,consumer-cyclical,internet-retail,22.245796,0.0113154175,15.774905,-0.014786143,0.05023558,0.111,0.0945,0.037,0.042
ECL,Ecolab Inc.,76041936896,basic-materials,specialty-chemicals,36.45968,0.010343069,28.824911,-0.026350161,-0.009033438,0.0842,0.1527,0.0504,0.0665
ED,"Consolidated Edison, Inc.",38277263360,utilities,utilities-regulated-electric,17.221296,0.03399863,15.92663,-0.036522776,-0.040318646,0.0715,0.0642,0.0496,0.214
EFX,"Equifax, Inc.",16416163840,industrials,consulting-services,24.514034,0.01544739,13.751463,-0.19931561,-0.23783357,0.118599996,0.1863,0.089700006,0.067600004
EG,"Everest Group, Ltd.",14137734144,financial-services,insurance-reinsurance,7.7904077,0.021907603,6.168724,-0.014772038,0.059893988,0.2243,0.099,0.1674,0.0234
EIX,Edison International,20702992384,utilities,utilities-regulated-electric,5.552116,0.06439605,8.2732315,-0.17751591,-0.21150152,-0.0654,0.0623,-0.21200001,-0.2716
EL,"Estee Lauder Companies, Inc. (T",32677892096,consumer-defensive,household-personal-products,180.38,0.015091086,23.057829,-0.03398764,-0.022101639,0.3241,0.1769,0.5799,0.3566
ELV,"Elevance Health, Inc.",82772508672,healthcare,healthcare-plans,16.865665,0.017643126,12.92064,-0.03915863,0.044074733,-0.1031,0.0874,-0.22700001,-0.2702
EME,"EMCOR Group, Inc.",33921837056,industrials,engineering-construction,23.927505,0.00086150906,20.926563,-0.0029293795,-0.0027762859,0.2698,0.1187,0.2678,0.20040001
EMR,Emerson Electric Company,88450351104,industrials,specialty-industrial-machinery,33.88248,0.014139265,21.814226,0.030120896,0.09817973,0.0935,0.1079,0.1353,0.1144
EOG,"EOG Resources, Inc.",74121216000,energy,oil-gas-e-p,10.996886,0.029616725,9.36095,-0.021932684,0.073204376,0.694,-0.1229,0.5426,0.8918
EPAM,"EPAM Systems, Inc.",5898971136,technology,information-technology-services,14.697943,0.0,8.133996,0.05975199,-0.13063605,0.1436,0.069,0.105299994,0.0775
EQIX,"Equinix, Inc.",99888308224,real-estate,reit-specialty,64.97625,0.019474486,54.36788,-0.030625282,0.02786888,0.2193,0.0417,0.0388,0.1112
EQR,Equity Residential,24611481600,real-estate,reit-residential,28.675674,0.04229195,41.35888,0.0,0.0,0.0123000005,0.2038,-0.0023999999,0.32849997
EQT,EQT Corporation,31332098048,energy,oil-gas-e-p,11.62181,0.013447281,13.31002,-0.054191824,-0.09837018,0.2991,-0.0346,-0.233,-0.1154
ERIE,Erie Indemnity Company,11614102528,financial-services,insurance-brokers,20.155172,0.026251426,15.853676,-0.09368009,-0.11027809,0.0369,,-0.0224,0.0683
ES,Eversource Energy (D/B/A),24223952896,utilities,utilities-regulated-electric,16.703896,0.048004985,13.080523,-0.08612404,-0.083636925,-0.0229,0.0571,-0.1305,-0.0934
ESS,"Essex Property Trust, Inc.",18578104320,real-estate,reit-residential,42.045246,0.03830877,42.78181,-0.04355068,0.004505389,-0.0456,0.1461,-0.0796,0.19319999
ETN,"Eaton Corporation, PLC",169839558656,industrials,specialty-industrial-machinery,44.439022,0.009960206,27.029182,0.03891067,0.12679282,0.1244,0.19209999,0.1504,0.2218
ETR,Entergy Corporation,47968858112,utilities,utilities-regulated-electric,25.67775,0.02538787,19.669304,-0.054320063,-0.054370828,0.125,0.1604,0.0651,0.78480005
EVRG,"Evergy, Inc.",18166386688,utilities,utilities-regulated-electric,20.048346,0.035096887,17.25947,-0.038858023,-0.027746676,0.1121,0.0718,0.0706,0.3291
EW,Edwards Lifesciences Corporatio,49103515648,healthcare,medical-devices,50.708336,0.0,25.225487,-0.03672406,0.00094473705,0.1717,0.1259,0.099700004,0.218
EXC,Exelon Corporation,41694380032,utilities,utilities-regulated-electric,14.878676,0.040594056,13.319949,-0.083123736,-0.11394949,0.0313,0.0636,-0.059499998,0.4253
EXE,Expand Energy Corporation,19900065792,energy,oil-gas-e-p,7.4103446,0.037935548,10.038432,-0.078604765,-0.12878431,0.42580003,-0.0154,0.35279998,0.0657
EXPD,Expeditors International of Was,24404441088,industrials,integrated-freight-logistics,26.896849,0.008557193,23.533335,0.018407729,0.15649952,0.31219998,0.0355,0.33150002,0.2804
EXPE,"Expedia Group, Inc.",31526201344,consumer-cyclical,travel-services,16.509743,0.006682868,10.71616,-0.11809116,0.009388049,0.32529998,0.16610001,0.1703,0.2083
EXR,Extra Space Storage Inc,29371095040,real-estate,reit-industrial,29.442478,0.049273822,27.65655,-0.06782439,-0.061218277,0.0152,0.0327,0.5276,-0.136
F,Ford Motor Company,48927801344,consumer-cyclical,auto-manufacturers,0.0,0.049751244,6.2723327,-0.11544613,-0.09171659,0.70699996,0.0513,-0.078600004,1.8628
FANG,"Diamondback Energy, Inc.",51946467328,energy,oil-gas-e-p,35.335236,0.023121702,9.887312,-0.06500089,0.0063914424,0.5641,-0.1028,0.5989,1.9085001
FAST,Fastenal Company,57633067008,industrials,industrial-distribution,42.92735,0.018574603,35.80365,0.010677213,0.088328466,0.15810001,0.1073,0.1588,0.1617
FCX,"Freeport-McMoRan, Inc.",99487293440,basic-materials,copper,33.960785,0.008571429,16.665264,-0.014217563,0.093081504,0.72190005,0.36400002,0.4745,1.1237999
FDS,FactSet Research Systems Inc.,9873350656,financial-services,financial-data-stock-exchanges,19.040466,0.0,14.074102,-0.013885481,0.11358536,0.089700006,0.1067,0.1083,0.1015
FDX,FedEx Corporation,67940982784,industrials,integrated-freight-logistics,15.467134,0.019537691,13.711926,-0.08731529,-0.038071338,-0.013099999,0.16620001,,
FE,FirstEnergy Corp.,25107185664,utilities,utilities-regulated-electric,23.327957,0.041541655,14.711467,-0.06876427,-0.08538356,0.0719,0.079,0.12020001,0.1096
FFIV,"F5, Inc.",25124347904,technology,software-infrastructure,35.4377,0.0,24.544222,0.084185675,0.2927228,0.0962,0.043,-0.0307,-0.0198
FICO,Fair Isaac Corporation,14292235264,technology,software-application,17.15267,0.0,12.715054,-0.3700746,-0.46212527,0.4387,0.21069999,0.42470002,0.42049998
FIS,Fidelity National Information S,17069864960,technology,information-technology-services,5.084485,0.051063824,4.9419947,-0.17688316,-0.297612,0.0771,0.08140001,0.061300002,0.0456
FISV,"Fiserv, Inc.",24131573760,,,8.693487,0.0,5.6554985,-0.11342945,-0.2037465,-0.16139999,0.1075,-0.159,-0.0437
FITB,Fifth Third Bancorp,45716451328,financial-services,banks-regional,16.973064,0.031633057,10.178862,-0.08549972,-0.02412014,-0.1311,0.5952,-0.081199996,0.1499
FIX,"Comfort Systems USA, Inc.",59312652288,industrials,engineering-construction,41.417797,0.0015718612,28.004864,0.014588922,0.08830512,0.6969,0.22799999,0.5525,0.4022
FOX,Fox Corporation,23158315008,communication-services,entertainment,14.302083,0.009946714,9.559617,-0.039981,-0.033049256,0.0,0.0,0.0,0.0
FOXA,Fox Corporation,25840158720,communication-services,entertainment,15.958333,0.008938547,10.479603,-0.043689393,-0.031048963,0.094,-0.0138,0.3415,0.2681
FRT,Federal Realty Investment Trust,9443803136,real-estate,reit-retail,21.824244,0.04219173,33.86202,-0.078130625,-0.038955938,-0.111099996,-0.24450001,0.0452,-0.5032
FSLR,"First Solar, Inc.",18496626688,technology,solar,10.610974,0.0,7.4139647,-0.1760175,-0.23524544,0.2292,0.32580003,0.0912,0.168
FTNT,"Fortinet, Inc.",131129303040,technology,software-infrastructure,63.37589,0.0,47.308334,0.09924448,0.5197919,0.25,0.095,0.1584,0.0809
FTV,Fortive Corporation,16864632832,technology,scientific-technical-instruments,29.544973,0.0021893813,17.178366,-0.046477363,-0.041680217,0.1121,0.078600004,0.0377,-0.0305
GD,General Dynamics Corporation,90019782656,industrials,aerospace-defense,20.238441,0.018623995,17.894636,-0.10403021,-0.06352599,0.0999,0.095699996,0.0678,0.081499994
GDDY,GoDaddy Inc.,12282294272,technology,software-infrastructure,14.410105,0.0,8.794378,0.0068521975,0.035104774,0.18959999,0.2446,0.2536,0.16139999
GE,GE Aerospace,324124147712,industrials,aerospace-defense,36.795055,0.005315572,34.425377,-0.08947979,-0.035057742,0.24159999,0.1336,0.19540001,0.0085
GEHC,GE HealthCare Technologies Inc.,28898885632,healthcare,medical-devices,14.741935,0.0021416552,11.821419,-0.06762555,-0.104901955,0.0732,0.0987,0.1254,0.1073
GEN,Gen Digital Inc.,13318560768,technology,software-infrastructure,12.861272,0.02270663,6.7238827,-0.2088326,-0.097544275,0.1424,0.13149999,0.1594,0.1402
GEV,GE Vernova Inc.,262991101952,industrials,specialty-industrial-machinery,27.247515,0.0018411556,39.30029,0.022371124,0.07990465,0.72870004,-0.1898,1.4842,-0.5196
GILD,"Gilead Sciences, Inc.",182893395968,healthcare,drug-manufacturers-general,0.0,0.02160349,14.915398,0.034547564,0.0810835,-1.0523,24.1992,-0.1305,0.177
GIS,"General Mills, Inc.",16933541888,consumer-defensive,packaged-foods,0.0,0.07587065,10.043383,-0.15247433,-0.1869919,-0.13270001,0.0242,-0.1387,0.08229999
GL,Globe Life Inc.,12743944192,financial-services,insurance-life,11.011288,0.00724419,10.039206,-0.052635986,0.055348366,0.081999995,0.0514,0.018099999,0.114700004
GLW,Corning Incorporated,138183917568,technology,electronic-components,73.92626,0.007284079,36.85935,0.050856665,0.07113616,0.3025,0.3266,0.3038,0.28
GM,General Motors Company,71732043776,consumer-cyclical,auto-manufacturers,35.40625,0.008571429,5.273846,-0.072666705,-0.017242584,0.2745,0.11399999,0.2846,0.124
GNRC,Generac Holdlings Inc.,12279983104,industrials,specialty-industrial-machinery,49.03538,0.0,16.527527,0.035477456,-0.019562285,0.5306,0.29639998,0.32900003,0.583
GOOG,Alphabet Inc.,4096171966464,communication-services,internet-content-information,16.805319,0.0024945708,22.22268,-0.019163996,-0.0064710276,0.0925,0.2762,0.055999998,0.2024
GOOGL,Alphabet Inc.,4136653029376,communication-services,internet-content-information,16.97992,0.002470356,22.442299,-0.016536044,-0.0010543349,0.90910006,-0.2754,0.0539,0.1878
GPC,Genuine Parts Company,17249013760,consumer-cyclical,auto-parts,500.48,0.033282965,15.049423,-0.05038162,0.042889606,0.05,0.0743,0.0308,0.1492
GPN,Global Payments Inc.,21246210048,industrials,specialty-business-services,38.052135,0.012244399,5.0148873,-0.087549314,0.049471114,0.117,0.173,0.0991,0.1516
GRMN,Garmin Ltd.,54473125888,technology,scientific-technical-instruments,29.576962,0.0146423085,25.368364,-0.013165086,0.15015705,0.183,0.0996,0.19770001,0.0224
GS,"Goldman Sachs Group, Inc. (The)",261084643328,financial-services,capital-markets,13.850325,0.018881336,12.274574,-0.11330972,-0.06558035,0.3403,0.0641,0.20629999,0.0963
GWW,"W.W. Grainger, Inc.",60368338944,industrials,industrial-distribution,32.66259,0.007441241,25.13496,-0.01841197,0.06451411,0.17629999,0.098000005,0.1415,0.18010001
HAL,Halliburton Company,26560194560,energy,oil-gas-equipment-services,16.604166,0.021383649,10.990337,-0.06282708,-0.09934347,-0.0305,0.23629999,0.0075,-0.069699995
HAS,"Hasbro, Inc.",12691181568,consumer-cyclical,leisure,16.096601,0.031934306,13.813941,-0.021235153,-0.0033626982,0.111,0.0583,0.106300004,0.025
HBAN,Huntington Bancshares Incorpora,30690101248,financial-services,banks-regional,11.684615,0.040629096,8.555047,-0.09848422,-0.103657655,0.0525,0.1505,-0.0511,0.084
HCA,"HCA Healthcare, Inc.",91664572416,healthcare,medical-care-facilities,14.19343,0.007030042,13.2244005,0.02141846,-0.05178751,0.045300003,0.0857,-0.0432,0.0047999998
HD,"Home Depot, Inc. (The)",281807388672,consumer-cyclical,home-improvement-retail,19.780111,0.016274739,17.626429,-0.12928435,-0.16877475,0.0229,0.0664,0.025799999,0.0422
HIG,"The Hartford Insurance Group, I",34059444224,financial-services,insurance-diversified,8.6837015,0.018960444,9.176508,-0.081747465,-0.075492226,-0.048499998,0.0738,-0.1855,-0.2038
HII,"Huntington Ingalls Industries, ",10809863168,industrials,aerospace-defense,16.329166,0.020556407,13.166937,-0.06923486,-0.20403747,0.2029,0.1254,0.2007,0.2701
HLT,Hilton Worldwide Holdings Inc.,70994477056,consumer-cyclical,lodging,46.320118,0.0018860808,30.171095,-0.0074335383,-0.0009909545,0.115,0.15619999,0.1155,0.1461
HON,Honeywell International Inc.,67761774592,industrials,conglomerates,8.110774,0.044562433,21.68929,-0.039368775,-0.071861155,-0.5759,0.1883,-0.6163,-0.5343
HOOD,"Robinhood Markets, Inc.",99932995584,financial-services,capital-markets,49.84305,0.0,32.337555,0.05817639,0.17768686,0.035099998,0.3411,-0.139,-0.087799996
HPE,Hewlett Packard Enterprise Comp,85727682560,technology,communication-equipment,33.28866,0.0087337615,13.742532,0.17496802,0.77062494,0.97220004,0.22629999,1.053,0.6016
HPQ,HP Inc.,28992581632,technology,computer-hardware,12.270993,0.03801151,10.245478,0.061455484,0.3650153,0.04,-0.032899998,-0.198,-0.131
HRL,Hormel Foods Corporation,10985000960,consumer-defensive,packaged-foods,32.193546,0.058575723,12.700998,-0.12732491,-0.13975531,0.0587,0.083500005,0.183,0.104899995
HSIC,"Henry Schein, Inc.",9465154560,healthcare,medical-distribution,24.760933,0.0,14.178749,-0.031620294,0.059191514,0.0817,0.1141,-0.0214,0.0726
HST,"Host Hotels & Resorts, Inc.",15638292480,real-estate,reit-hotel-motel,15.107383,0.03573024,21.324568,-0.021244762,0.055291433,0.24870001,-0.2315,-0.64559996,0.1367
HSY,The Hershey Company,32007458816,consumer-defensive,confectioners,21.556158,0.03580991,16.157612,-0.098561786,-0.16682488,0.3454,0.16139999,0.62880003,0.25
HUBB,Hubbell Inc,24671754240,industrials,electrical-equipment-parts,27.68109,0.012301587,20.34455,-0.011945566,-0.045635365,0.125,0.1204,0.1126,0.1185
HUM,Humana Inc.,45592088576,healthcare,healthcare-plans,36.09125,0.009277458,22.882847,-0.015983,0.29971972,-0.4659,0.8124,-1.3097999,-0.98440003
HWM,Howmet Aerospace Inc.,91078270976,industrials,aerospace-defense,49.21983,0.0021222036,35.345993,-0.12278544,-0.0797046,0.4158,0.21049999,0.4413,0.3495
IBKR,"Interactive Brokers Group, Inc.",146204409856,financial-services,capital-markets,34.051586,0.0038398504,26.828703,-0.05566735,0.058771566,0.235,0.1826,0.2061,0.13270001
IBM,International Business Machines,212564361216,technology,information-technology-services,20.0373,0.030600647,17.160376,-0.023919666,-0.119869135,0.0622,0.068,0.0833,0.021
ICE,Intercontinental Exchange Inc.,85034426368,financial-services,financial-data-stock-exchanges,21.394068,0.013155298,17.21127,-0.022755234,-0.023529842,0.16950001,0.08270001,0.111,0.14770001
IDXX,"IDEXX Laboratories, Inc.",40788926464,healthcare,diagnostics-research,37.14132,0.0,30.934048,-0.04958319,-0.12215177,0.1336,0.1288,0.089099996,0.090299994
IEX,IDEX Corporation,16944518144,industrials,specialty-industrial-machinery,33.071945,0.012632688,23.878435,0.0016534135,0.09257876,0.1102,0.09060001,0.1015,0.0875
IFF,International Flavors & Fragran,21208066048,basic-materials,specialty-chemicals,0.0,0.019166267,20.984549,-0.006276453,0.09137156,-0.22,0.20899999,-0.23200001,-0.158
INCY,Incyte Corporation,23744014336,healthcare,biotechnology,14.922293,0.0,13.183306,-0.052464694,0.0982191,-0.49650002,1.5742999,-2.5516999,0.0832
INTC,Intel Corporation,634332643328,technology,semiconductors,0.0,0.0,58.193672,0.1982601,0.49330163,2.6197,0.35639998,0.6985,1.8726
INTU,Intuit Inc.,75568996352,technology,software-application,17.17983,0.017409598,10.4441595,-0.12564619,-0.28864655,-0.0134000005,0.1308,-0.20979999,-0.0414
INVH,Invitation Homes Inc.,15592453120,real-estate,reit-residential,24.220182,0.0451956,37.136547,-0.086397745,-0.05219565,0.2769,-0.1066,-0.0933,0.0529
IP,International Paper Company,17221613568,consumer-cyclical,packaging-containers,0.0,0.05577329,10.769246,-0.1553378,-0.14594786,7.6514,1.27,1.7426,11.1105
IQV,"IQVIA Holdings, Inc.",42914512896,healthcare,diagnostics-research,32.42786,0.0,18.015589,0.03652157,0.26891088,0.0877,0.1162,0.0907,0.067600004
IR,Ingersoll Rand Inc.,29196955648,industrials,specialty-industrial-machinery,31.095041,0.0015976568,19.19922,-0.053856637,-0.07808246,0.0639,0.103,0.048,0.063200004
IRM,Iron Mountain Incorporated (Del,33083713536,real-estate,reit-specialty,78.815605,0.030437136,40.71143,-0.07011655,-0.00756588,0.1676,0.1028,0.1295,0.1033
ISRG,"Intuitive Surgical, Inc.",143755476992,healthcare,medical-instruments-supplies,46.11954,0.0,33.184464,0.06252431,-0.10588952,0.20709999,0.121700004,0.0998,0.1241
IT,"Gartner, Inc.",12175122432,technology,information-technology-services,17.338129,0.0,11.785785,0.07102542,0.1105933,0.0996,0.1297,0.0324,0.0023999999
ITW,Illinois Tool Works Inc.,74287226880,industrials,specialty-industrial-machinery,23.626812,0.025031095,21.055384,-0.06610715,-0.029098075,0.0921,0.082200006,0.0585,0.0964
IVZ,Invesco Ltd,13430423552,financial-services,asset-management,0.0,0.028183024,9.327741,-0.030635953,0.095101394,0.38279998,0.1618,0.2047,0.2749
J,Jacobs Solutions Inc.,16360825856,industrials,engineering-construction,46.28808,0.010053966,16.90944,-0.021833353,0.05043302,0.1875,0.1376,0.2152,0.19870001
JBHT,"J.B. Hunt Transport Services, I",21337473024,industrials,integrated-freight-logistics,32.272728,0.007944655,22.678316,-0.13651957,-0.06540287,0.237,0.3234,0.12189999,0.159
JBL,Jabil Inc.,31414122496,technology,electronic-components,29.420021,0.0,14.317249,-0.056014955,-0.003532945,0.3515,0.253,0.42240003,0.42970002
JCI,Johnson Controls International ,91933384704,industrials,building-products-equipment,42.752113,0.010763539,24.99259,0.042784642,0.105787955,0.3484,0.2036,0.254,0.2688
JKHY,"Jack Henry & Associates, Inc.",10084997120,technology,information-technology-services,20.607449,0.01661547,18.198725,-0.086960874,-0.09020246,0.0945,0.090500005,0.0777,0.0638
JNJ,Johnson & Johnson,623344353280,healthcare,drug-manufacturers-general,30.683273,0.019793004,21.309937,-0.027612936,0.07211096,0.027,0.082600005,-0.1137,0.2019
JPM,JP Morgan Chase & Co.,885654487040,financial-services,banks-diversified,14.1839075,0.018136203,13.300848,-0.055847198,0.0359044,0.2188,0.0404,0.1603,0.28079998
KDP,Keurig Dr Pepper Inc.,41763749888,consumer-defensive,beverages-non-alcoholic,31.0,0.030323006,12.108038,-0.017089633,0.043347046,0.118599996,0.105399996,0.1516,0.16700001
KEY,KeyCorp,21395927040,financial-services,banks-regional,11.725145,0.040857002,9.392904,-0.085760675,-0.072321914,0.2223,0.16430001,0.1228,0.19780001
KEYS,Keysight Technologies Inc.,63651106816,technology,scientific-technical-instruments,50.592693,0.0,26.95297,0.12618259,0.24287099,0.6025,0.20899999,0.76989996,0.493
KHC,The Kraft Heinz Company,26633601024,consumer-defensive,packaged-foods,0.0,0.07042254,10.758921,-0.10609107,-0.062817566,-0.21180001,0.0187,-0.306,-0.2719
KIM,Kimco Realty Corporation (HC),14898231296,real-estate,reit-retail,25.82558,0.046375506,25.238636,-0.07463735,-0.044819534,0.1361,0.0435,0.091000006,0.0887
KKR,KKR & Co. Inc.,84268400640,financial-services,asset-management,29.150158,0.008324206,12.26979,-0.11866702,-0.117788404,0.2989,0.17549999,0.1412,0.52669996
KLAC,KLA Corporation,261431951360,technology,semiconductor-equipment-materials,54.73497,0.004104038,29.875965,0.067044936,0.13190998,0.45069999,0.2293,0.3377,0.5374
KMB,Kimberly-Clark Corporation,31375505408,consumer-defensive,household-personal-products,18.644268,0.052139997,12.611017,-0.10797196,-0.08138161,-0.02,0.0117999995,-0.1201,-0.108100004
KMI,"Kinder Morgan, Inc.",67984273408,energy,oil-gas-midstream,19.696775,0.039137643,19.766403,-0.032231476,-0.028296512,0.2035,-0.0128,0.1304,-0.006
KO,Coca-Cola Company (The),370449448960,consumer-defensive,beverages-non-alcoholic,25.855856,0.024163567,24.415972,-0.019033719,0.07813063,0.1005,0.0681,0.0719,0.0269
KR,Kroger Company (The),35128213504,consumer-defensive,grocery-stores,31.638298,0.024564996,10.794468,0.024305733,-0.06400209,0.069299996,0.0625,0.0121,0.0586
KVUE,Kenvue Inc.,33075718144,consumer-defensive,household-personal-products,20.258821,0.046998866,13.889224,-0.07973496,-0.04518196,0.0947,0.048600003,0.0519,-0.012999999
L,Loews Corporation,21475131392,financial-services,insurance-property-casualty,12.889571,0.0023939481,36.224136,-0.055037227,-0.036089465,0.0,0.0,0.0,0.0
LDOS,"Leidos Holdings, Inc.",15306285056,technology,information-technology-services,11.388422,0.013871789,9.56605,-0.06203763,-0.17540926,0.0341,0.028299998,-0.00029999999,0.0813
LEN,Lennar Corporation,19779899392,consumer-cyclical,residential-construction,15.820809,0.024512809,15.578606,-0.019769337,-0.1325133,-0.3866,0.0612,-0.2888,-0.2656
LH,Labcorp Holdings Inc.,24703059968,healthcare,diagnostics-research,25.215233,0.009347312,15.3496275,-0.04376098,0.088168494,0.116000004,0.081599995,0.1125,0.0936
LHX,"L3Harris Technologies, Inc.",44393566208,industrials,aerospace-defense,23.911734,0.020694315,17.607962,-0.10824964,-0.23369989,0.127,0.120900005,0.133,0.1187
LII,"Lennox International, Inc.",12457741312,industrials,building-products-equipment,16.013327,0.014816068,13.800703,-0.11901964,-0.26128832,0.0189,0.105100006,0.0732,0.132
LIN,Linde plc,216407146496,basic-materials,specialty-chemicals,30.248068,0.013062256,24.00228,-0.025782263,-0.033353917,0.0861,0.1082,0.0729,0.319
LITE,Lumentum Holdings Inc.,93806469120,technology,communication-equipment,0.0,0.0,30.114458,0.20250452,0.4169171,1.5121001,0.5945,2.8246,2.0123
LLY,Eli Lilly and Company,1025368784896,healthcare,drug-manufacturers-general,38.912014,0.0055830195,24.286957,-0.02382433,0.071821816,0.5255,0.2864,0.4182,0.3345
LMT,Lockheed Martin Corporation,116664721408,industrials,aerospace-defense,18.625645,0.026804123,15.433167,-0.09342411,-0.101581626,0.4184,0.0747,0.072,0.45330003
LNT,Alliant Energy Corporation,16519028736,utilities,utilities-regulated-electric,20.161392,0.03293839,17.278553,-0.07026367,-0.09390479,0.0634,0.076799996,0.0934,0.3455
LOW,"Lowe's Companies, Inc.",102325035008,consumer-cyclical,home-improvement-retail,15.416738,0.026317218,14.004659,-0.114334255,-0.21479312,0.0026,0.057800002,-0.060399998,-0.0037
LRCX,Lam Research Corporation,425609428992,technology,semiconductor-equipment-materials,58.136753,0.003165809,28.97047,0.11479175,0.2446361,0.6268,0.2399,0.7285,0.8164
LULU,lululemon athletica inc.,10612663296,consumer-cyclical,apparel-retail,7.8897123,0.0,11.086939,-0.14872985,-0.34369236,-0.2738,-0.103199996,-0.5999,-0.19489999
LUV,Southwest Airlines Company,20468471808,industrials,airlines,26.15,0.017291067,8.998857,-0.012807103,-0.03839636,2.3725,0.48240003,4.3055,1.1322
LVS,Las Vegas Sands Corp.,23764156416,consumer-cyclical,resorts-casinos,14.22093,0.030415233,10.450609,-0.1705438,-0.29463878,0.026800001,0.1359,-0.0424,0.0042
LYB,LyondellBasell Industries NV,18665132032,basic-materials,specialty-chemicals,0.0,0.071689576,9.162004,-0.07509974,-0.066435315,4.3587,-0.3174,1.5623,7.5540004
LYV,"Live Nation Entertainment, Inc.",38869295104,communication-services,entertainment,0.0,0.0,85.51587,-0.060559947,0.020229401,-0.9018,5.2746997,1.0944,-0.1368
MA,Mastercard Incorporated,481805467648,financial-services,credit-services,30.219778,0.00611094,23.887276,-0.034922168,0.033132657,0.1717,0.15529999,0.1761,0.0862
MAA,Mid-America Apartment Communiti,13845005312,real-estate,reit-residential,34.129032,0.05172414,35.48636,-0.09386491,-0.11310502,-0.0117,-0.1595,-0.0719,0.8139
MAR,Marriott International,92517269504,consumer-cyclical,lodging,36.689762,0.00770377,26.964481,0.0070513245,0.017041795,0.1711,0.121300004,0.145,0.173
MAS,Masco Corporation,13463957504,industrials,building-products-equipment,15.732718,0.018694362,14.666271,-0.058975264,-0.025730794,0.1442,0.0274,0.0647,0.0207
MCD,McDonald's Corporation,164052533248,consumer-cyclical,restaurants,18.756474,0.031826448,16.771336,-0.11005685,-0.20243518,0.056700002,0.0722,0.0507,0.0545
MCHP,Microchip Technology Incorporat,42626183168,technology,semiconductors,115.44118,0.023402343,17.126463,0.033901397,-0.0033290004,1.2232,0.2571,1.6687,1.1368
MCK,McKesson Corporation,104793751552,healthcare,medical-distribution,24.116447,0.003841604,17.82861,0.027420381,0.061682597,0.1418,0.129,0.091400005,0.18
MCO,Moody's Corporation,77474242560,financial-services,financial-data-stock-exchanges,28.385786,0.00867593,23.639633,-0.072708346,-0.051552787,0.1357,0.1153,0.082399994,0.0064999997
MDLZ,"Mondelez International, Inc.",73719554048,consumer-defensive,confectioners,21.157509,0.034590106,17.176163,-0.06872358,-0.030248508,0.0437,0.1034,-0.0221,0.3033
MDT,Medtronic plc.,110568685568,healthcare,medical-devices,21.290642,0.03302816,13.490041,-0.036800772,-0.026309552,0.080299996,0.0726,-0.0212,0.0469
MET,"MetLife, Inc.",59957248000,financial-services,insurance-life,18.284883,0.024373407,8.482782,-0.021003552,0.12824368,0.1225,0.122200005,0.1149,0.0484
META,"Meta Platforms, Inc.",1849311100928,communication-services,internet-content-information,27.352297,0.0028958328,20.796753,0.16967607,0.15672925,0.32689998,0.093,5.0363,-0.0694
MGM,MGM Resorts International,7795786752,consumer-cyclical,resorts-casinos,18.466667,0.0,14.747949,-0.26711473,-0.23477109,-0.45810002,0.1011,-0.21040002,-0.7157
MKC,"McCormick & Company, Incorporat",11867107328,consumer-defensive,packaged-foods,7.663194,0.0,13.39264,-0.15033689,-0.20809703,0.028499998,0.0555,-0.023599999,-0.026099999
MLM,"Martin Marietta Materials, Inc.",34030358528,basic-materials,building-materials,31.114937,0.0069194054,21.399458,-0.086407706,-0.18917423,-0.0748,0.2894,-0.091000006,-0.0104
MMM,3M Company,84073070592,industrials,conglomerates,28.955595,0.018397808,16.58455,-0.061393425,0.014565685,0.1095,0.0992,0.0913,0.1004
MNST,Monster Beverage Corporation,82554437632,consumer-defensive,beverages-non-alcoholic,39.018517,0.0,32.18858,-0.07739263,-0.004808326,0.1866,0.1373,0.1233,0.1976
MO,"Altria Group, Inc.",111789350912,consumer-defensive,tobacco,14.184322,0.06296406,11.417063,-0.024476277,-0.0049211513,0.047399998,0.032899998,0.0398,0.0545
MOS,Mosaic Company (The),6850651136,basic-materials,agricultural-inputs,0.0,0.040646654,13.635875,-0.08698827,-0.12166118,-0.81839997,2.8339999,-0.95199996,-0.0883
MPC,Marathon Petroleum Corporation,117988524032,energy,oil-gas-refining-marketing,14.57336,0.010115826,8.635798,0.1633284,0.6199189,4.2917004,-0.1407,6.6302004,2.8498
MPWR,"Monolithic Power Systems, Inc.",66882146304,technology,semiconductors,82.78406,0.005284957,39.02904,0.04334366,0.064266965,0.5437,0.2712,0.62810004,0.6863
MRK,"Merck & Company, Inc.",354803941376,healthcare,drug-manufacturers-general,115.048,0.022847705,15.085429,0.014992266,0.17473733,-0.6955,2.4701,-0.1528,-0.0398
MRNA,"Moderna, Inc.",75431632896,healthcare,biotechnology,0.0,0.0,-42.45137,0.59636223,1.8289545,-0.15529999,0.42880002,-1.4996,0.1721
MRSH,Marsh,82008760320,financial-services,insurance-brokers,20.957317,0.02173913,15.058565,-0.06637355,-0.03078939,0.0718,0.0932,0.0656,0.0512
MS,Morgan Stanley,295282147328,financial-services,capital-markets,15.186591,0.022065079,13.802668,-0.10704193,-0.029711496,0.2611,0.059699997,0.1025,0.096599996
MSCI,MSCI Inc.,39649853440,financial-services,financial-data-stock-exchanges,29.868017,0.014294731,24.252588,-0.028512409,-0.048029415,0.1417,0.1399,0.1216,0.1091
MSFT,Microsoft Corporation,3807819857920,technology,software-infrastructure,28.568243,0.0070968997,21.685333,0.06267457,0.18581264,0.1428,0.1974,0.1432,0.165
MSI,"Motorola Solutions, Inc.",74146185216,technology,communication-equipment,35.08457,0.010583671,23.057865,-0.025067978,0.041555304,0.1524,0.0963,0.0925,0.1974
MTB,M&T Bank Corporation,31388874752,financial-services,banks-regional,11.506088,0.027573528,10.311181,-0.093779914,-0.02869619,0.1357,0.091800004,0.0194,0.062
MTD,"Mettler-Toledo International, I",29677551616,healthcare,diagnostics-research,33.344666,0.0,28.631563,0.05685906,0.12397374,0.1078,0.0928,0.084,0.11399999
MU,"Micron Technology, Inc.",1239384719360,technology,semiconductors,14.761771,0.0,5.345326,0.15321243,0.63024044,1.3396001,0.1619,6.9977,2.4537
NCLH,Norwegian Cruise Line Holdings ,6722510336,consumer-cyclical,travel-services,8.872727,0.0,8.7665205,-0.13608946,-0.2493886,-0.2714,0.0863,-0.2522,-1.2792
NDAQ,"Nasdaq, Inc.",51241451520,financial-services,financial-data-stock-exchanges,26.725946,0.01217259,19.590034,-0.034123376,0.0109231025,0.1882,0.13159999,0.16690001,0.1284
NDSN,Nordson Corporation,18326206464,industrials,specialty-industrial-machinery,33.335358,0.010004575,25.342644,0.04834849,0.14956507,0.1666,0.0868,0.14029999,0.098500006
NEE,"NextEra Energy, Inc.",159264440320,utilities,utilities-regulated-electric,17.004456,0.031410087,17.37751,-0.0865586,-0.12702699,0.0915,0.085,0.0431,0.1523
NEM,Newmont Corporation,120826896384,basic-materials,gold,14.442065,0.00893012,11.207501,-0.02024785,0.029915322,0.333,0.11399999,0.118599996,-0.12189999
NFLX,"Netflix, Inc.",282523303936,communication-services,entertainment,21.336477,0.0,17.794388,-0.10268891,-0.19552481,0.4165,0.062800005,0.4018,0.30040002
NI,NiSource Inc,18942623744,utilities,utilities-regulated-gas,21.01064,0.014871795,17.547132,-0.058891963,-0.11962217,0.0793,0.09770001,0.1322,0.21620001
NKE,"Nike, Inc.",52144984064,consumer-cyclical,footwear-accessories,16.738096,0.046045195,16.355532,-0.10402943,-0.2833419,-0.23809999,0.3143,-0.1604,0.2857
NOC,Northrop Grumman Corporation,68474376192,industrials,aerospace-defense,15.3161745,0.019442376,15.828007,-0.107568696,-0.19566551,0.1012,0.0499,-0.0651,0.1086
NOW,"ServiceNow, Inc.",142424817664,technology,software-application,83.490906,0.0,27.521671,0.08051632,0.18724875,0.1586,0.2308,0.0638,0.2722
NRG,"NRG Energy, Inc.",20375701504,utilities,utilities-independent-power-producers,25.242188,0.01949817,8.662833,-0.16462412,-0.3150022,0.0719,0.26680002,0.031600002,1.5685
NSC,Norfolk Southern Corporation,69686992896,industrials,railroads,26.8391,0.017475728,21.66711,-0.066290215,-0.0032216415,0.0358,0.1069,0.0806,-0.0022
NTAP,"NetApp, Inc.",42239909888,technology,software-infrastructure,30.374294,0.00990099,19.337395,0.13108963,0.5617051,0.2307,0.111499995,0.2681,0.1163
NTRS,Northern Trust Corporation,30956095488,financial-services,asset-management,14.536081,0.018894663,13.237386,-0.07399302,0.04132941,0.4411,0.0034,0.236,0.21120001
NUE,Nucor Corporation,53538123776,basic-materials,steel,19.046003,0.009540107,11.867917,-0.07754951,0.10315515,1.4311999,0.0608,1.2189,2.0029
NVDA,NVIDIA Corporation,5574576046080,technology,semiconductors,29.222784,0.0012260268,14.709068,0.061921306,0.15345167,0.9512,0.6863,0.90260005,0.69269997
NVR,"NVR, Inc.",16407383040,consumer-cyclical,residential-construction,15.927155,0.0,15.292354,-0.026248202,-0.08633973,-0.1753,0.11270001,-0.0732,-0.1229
NWS,News Corporation,16962578432,communication-services,entertainment,30.833334,0.0063051702,20.80412,-0.04512942,0.042908505,0.1183,0.1456,0.18129998,0.1769
NWSA,News Corporation,15447002112,communication-services,entertainment,27.805826,0.006980803,18.945307,-0.021463586,0.07936579,0.1183,0.1456,0.18129998,0.1769
NXPI,NXP Semiconductors N.V.,60315148288,technology,semiconductors,20.426132,0.017075738,13.218489,0.021707067,-0.026055492,0.2751,0.2042,0.3197,0.289
O,Realty Income Corporation,50651049984,real-estate,reit-retail,39.07299,0.059576426,34.468327,-0.123255305,-0.13467361,0.2905,-0.0427,0.216,0.2872
ODFL,"Old Dominion Freight Line, Inc.",37039153152,industrials,trucking,33.414635,0.0065577542,26.65697,-0.10356741,-0.10767961,0.2009,0.1374,0.2457,0.3026
OKE,"ONEOK, Inc.",54946467840,energy,oil-gas-midstream,15.318103,0.049724404,13.975227,-0.056662966,0.0064665726,0.064,0.057600003,0.034,-0.0324
OMC,Omnicom Group Inc.,20493641728,communication-services,advertising-agencies,201.89188,0.042102404,6.4077764,-0.089075536,-0.04678783,0.2227,0.1022,0.19229999,0.2618
ON,ON Semiconductor Corporation,31176636416,technology,semiconductors,53.033115,0.0,17.682388,0.040067524,-0.0012508811,0.3625,0.4145,0.38849998,0.4901
ORCL,Oracle Corporation,418559361024,technology,software-infrastructure,21.641068,0.014566642,12.555025,-0.03381473,-0.1548171,0.067,0.3508,0.1825,0.1297
ORLY,"O'Reilly Automotive, Inc.",68785930240,consumer-cyclical,auto-parts,26.99365,0.0,23.290657,-0.038494132,-0.06610371,0.1042,0.1122,0.0885,0.0921
OTIS,Otis Worldwide Corporation,24545560576,industrials,specialty-industrial-machinery,16.575836,0.02643035,14.220842,-0.08752305,-0.17667094,-0.0021,0.122,-0.0378,0.1042
OXY,Occidental Petroleum Corporatio,57819025408,energy,oil-gas-e-p,17.061947,0.018076645,14.392714,-0.009029082,0.07413857,1.8005,-0.3396,1.0165,3.8675
PANW,"Palo Alto Networks, Inc.",324132503552,technology,software-infrastructure,990.625,0.0,81.21425,0.103486255,0.59629864,0.090900004,0.4025,0.0446,-0.2936
PAYX,"Paychex, Inc.",35897069568,technology,software-application,20.007936,0.04609137,15.784465,-0.14165723,-0.030046592,0.08180001,0.0718,0.0134000005,0.0943
PCAR,PACCAR Inc.,57868566528,industrials,farm-heavy-construction-machinery,23.145264,0.012202896,15.217452,-0.12412643,-0.08971376,0.32639998,0.20729999,0.42990002,0.65940005
PCG,Pacific Gas & Electric Co.,36538806272,utilities,utilities-regulated-electric,8.755396,0.014285714,6.7550316,-0.22463332,-0.26506332,0.0983,0.0936,-0.1573,0.090900004
PEG,Public Service Enterprise Group,33837735936,utilities,utilities-regulated-electric,16.762962,0.03861004,14.529943,-0.0775991,-0.14054585,0.0791,0.0691,0.0423,0.113400005
PEP,"Pepsico, Inc.",171569594368,consumer-defensive,beverages-non-alcoholic,16.461336,0.04535985,14.076977,-0.08567438,-0.14853492,0.0508,0.0431,0.0028,0.0756
PFE,"Pfizer, Inc.",160274825216,healthcare,drug-manufacturers-general,37.0,0.060308557,9.7071295,0.03357276,0.065908566,-0.0761,-0.026300002,-0.1278,0.0729
PFG,Principal Financial Group Inc,24031105024,financial-services,asset-management,15.988604,0.02849232,10.777364,-0.011667367,0.106962286,0.156,0.08930001,0.1902,0.1494
PG,Procter & Gamble Company (The),334348681216,consumer-defensive,household-personal-products,21.744713,0.029315803,19.452833,-0.013223294,-0.025000801,0.0128,0.060300004,-0.051799998,0.00029999999
PGR,Progressive Corporation (The),122441187328,financial-services,insurance-property-casualty,10.590362,0.0019304088,12.950077,-0.014975211,0.0073493537,-0.0078,-0.1029,0.0379,-0.1153
PH,Parker-Hannifin Corporation,121809461248,industrials,specialty-industrial-machinery,33.92624,0.007745285,24.504118,-0.022951744,0.02311837,0.0992,0.109799996,0.1276,0.1097
PHM,"PulteGroup, Inc.",22163087360,consumer-cyclical,residential-construction,11.872449,0.008616233,10.54946,-0.07199739,-0.06759106,-0.0922,0.0921,-0.1084,0.2534
PKG,Packaging Corporation of Americ,20466769920,consumer-cyclical,packaging-containers,29.83247,0.022899766,17.508745,-0.05482511,0.015381049,0.0623,0.2551,0.0647,0.2069
PLD,"Prologis, Inc.",124602671104,real-estate,reit-industrial,28.547884,0.032039434,38.454037,-0.080122314,-0.07074129,-0.033,-0.0072000003,-0.026099999,-0.4701
PLTR,Palantir Technologies Inc.,456677195776,technology,software-infrastructure,161.05084,0.0,81.67931,0.13688163,0.24989572,1.1602,0.44689998,0.96989995,0.8552
PM,Philip Morris International Inc,293299847168,consumer-defensive,tobacco,25.813442,0.03081438,20.474867,-0.010507065,0.05966149,0.114300005,0.0939,0.0458,0.14829999
PNC,"PNC Financial Services Group, I",88066818048,financial-services,banks-regional,12.155837,0.0305948,10.289572,-0.09250637,-0.031739667,0.14039999,0.14039999,0.1251,0.0479
PNR,Pentair plc.,8439648256,industrials,specialty-industrial-machinery,13.628866,0.019626344,10.24429,-0.138765,-0.35162666,-0.0552,0.1105,-0.1331,0.026700001
PNW,Pinnacle West Capital Corporati,11468894208,utilities,utilities-regulated-electric,18.163147,0.03896174,17.001406,-0.03776544,-0.04400625,-0.0671,0.1972,-0.070199996,-2.3846002
PODD,Insulet Corporation,9070835712,healthcare,medical-devices,24.584585,0.0,16.952227,-0.106209375,-0.32927898,0.3084,0.1864,0.2791,0.1886
POOL,Pool Corporation,5838867968,industrials,industrial-distribution,14.753902,0.031197878,13.599758,-0.1261932,-0.23293966,0.025,0.074200004,-0.0093,-0.056999996
PPG,"PPG Industries, Inc.",23268141056,basic-materials,specialty-chemicals,15.017217,0.027221316,12.095139,-0.06162758,-0.06515096,0.0416,0.096099995,0.0016,0.1265
PPL,PPL Corporation,24653367296,utilities,utilities-regulated-electric,19.384613,0.033900883,15.46859,-0.05260419,-0.0930045,0.0766,0.0875,0.0951,0.14220001
PRU,"Prudential Financial, Inc.",39029850112,financial-services,insurance-life,10.256573,0.048424017,7.6131883,-0.059776112,0.04026387,0.0038,0.025899999,-0.1877,0.00090000004
PSA,Public Storage,53066051584,real-estate,reit-industrial,27.073404,0.042426813,27.76849,-0.08595262,-0.051919952,-0.0229,0.0228,-0.072399996,-0.0396
PSKY,Paramount Skydance Corporation,10478972928,communication-services,entertainment,311.33334,0.019361084,11.042278,-0.05362133,-0.11912551,0.0292,0.5805,2.5778,0.5858
PSX,Phillips 66,105939058688,energy,oil-gas-refining-marketing,15.090235,0.019349027,10.258074,0.10817908,0.4455573,3.437,-0.0986,3.2821,2.1773
PTC,PTC Inc.,15892912128,technology,software-application,14.206595,0.0,16.40253,0.038922507,0.007257478,0.0256,0.0884,-0.43310001,0.01
PWR,"Quanta Services, Inc.",99617529856,industrials,engineering-construction,75.812355,0.0006693649,33.50875,0.031775065,0.09824448,0.5574,0.18110001,0.4988,0.53180003
PYPL,"PayPal Holdings, Inc.",45390753792,financial-services,credit-services,10.282947,0.010660575,9.17149,-0.062880255,0.054084443,0.0153,0.0731,-0.019,0.0935
Q,"Qnity Electronics, Inc.",26872836096,technology,semiconductor-equipment-materials,45.875,0.0017496422,23.883722,0.0040270337,0.026148187,0.3687,0.173,0.2622,0.3195
QCOM,QUALCOMM Incorporated,194483126272,technology,semiconductors,20.834097,0.01950663,17.844944,0.06459226,0.07610663,-0.1285,-0.026700001,-0.2811,-0.3433
RCL,Royal Caribbean Cruises Ltd.,72209383424,consumer-cyclical,travel-services,16.676342,0.018806892,13.210003,-0.04434475,-0.059270926,0.14039999,0.1459,0.105399996,0.309
REG,Regency Centers Corporation,13423637504,real-estate,reit-retail,24.175085,0.041318867,28.523985,-0.059512623,-0.058685932,-0.123500004,0.0184,0.039300002,-0.4383
REGN,"Regeneron Pharmaceuticals, Inc.",75652358144,healthcare,biotechnology,18.179367,0.0048004007,12.069092,-0.059775148,-0.001838359,0.2367,0.1537,0.3538,0.4013
RF,Regions Financial Corporation,22968018944,financial-services,banks-regional,10.959349,0.039434522,9.482774,-0.104741335,-0.060677923,0.132,0.0779,0.045500003,0.2028
RJF,"Raymond James Financial, Inc.",30689894400,financial-services,asset-management,13.928509,0.013462027,11.2528515,-0.075576395,-0.007303268,0.1376,0.1707,0.074499995,0.1701
RL,Ralph Lauren Corporation,21608095744,consumer-cyclical,apparel-manufacturing,22.851923,0.010527501,17.29649,-0.0027734204,-0.0072889267,0.1399,0.1087,0.1141,0.1058
RMD,ResMed Inc.,31901396992,healthcare,medical-instruments-supplies,21.182951,0.010854817,16.715645,-0.004542693,-0.021599852,0.081999995,0.0947,0.0465,0.0788
ROK,"Rockwell Automation, Inc.",49233162240,industrials,specialty-industrial-machinery,41.46673,0.0125192385,29.670378,0.009607994,0.04510045,0.2567,0.1268,0.1047,0.1401
ROL,"Rollins, Inc.",14708615168,consumer-cyclical,personal-services,27.790909,0.023671977,23.698593,-0.1442584,-0.3878379,0.0432,0.103999995,-0.002,0.0708
ROP,"Roper Technologies, Inc.",35860467712,technology,software-application,15.107917,0.010174294,14.873034,-0.07113617,-0.020072218,0.1109,0.09729999,0.1263,0.13340001
ROST,"Ross Stores, Inc.",75094851584,consumer-cyclical,apparel-retail,28.341404,0.0072836336,26.089495,-0.016082287,0.07686823,0.32770002,0.020599999,0.1601,0.1263
RSG,"Republic Services, Inc.",63379963904,industrials,waste-management,29.358864,0.011912136,25.682005,-0.046805043,-0.038353246,0.0365,0.1076,0.0146,0.018
RTX,RTX Corporation,249348718592,industrials,aerospace-defense,32.57218,0.0149205495,23.56398,-0.107158385,-0.0505881,0.1517,0.0846,0.0397,0.17889999
RVTY,"Revvity, Inc.",16633068544,healthcare,diagnostics-research,71.66346,0.001831382,25.30236,0.18040396,0.40953076,0.0572,0.1015,0.0956,-0.048899997
SATS,N/A,0,,,0.0,0,0.0,0.0,0.0,0.0,0.0,0.0,0.0
SBAC,SBA Communications Corporation,16764044288,real-estate,reit-specialty,17.064795,0.02947789,19.307299,-0.12543055,-0.17525558,-0.2132,0.0614,-0.051599998,-0.4262
SBUX,Starbucks Corporation,108163194880,consumer-cyclical,restaurants,54.84393,0.02639421,30.383474,-0.07571393,-0.03829688,0.22049999,0.20040001,0.3439,0.3412
SCHW,Charles Schwab Corporation (The,170114760704,financial-services,capital-markets,17.918034,0.012072846,12.562497,-0.076082915,0.000509118,0.3321,0.207,0.2749,0.28280002
SHW,Sherwin-Williams Company (The),77871955968,basic-materials,specialty-chemicals,29.619576,0.009836979,23.585724,-0.05320671,-0.03764708,0.0585,0.122,0.028199999,0.063200004
SJM,The J.M. Smucker Company,12386148352,consumer-defensive,packaged-foods,55.214287,0.03717097,10.616402,-0.05367646,0.068847775,0.17729999,0.0029,0.2131,0.0673
SLB,SLB Limited,72218411008,energy,oil-gas-equipment-services,23.736586,0.023809522,15.062217,-0.07956312,-0.034414582,-0.1512,0.2991,-0.0999,0.0026
SMCI,"Super Micro Computer, Inc.",27539986432,technology,computer-hardware,12.858895,0.0,7.87094,0.16317783,0.31437224,0.19489999,0.22780001,1.963,0.5051
SNA,Snap-On Incorporated,19021099008,industrials,tools-accessories,18.95464,0.026035503,17.124872,-0.06070142,-0.030301837,0.033,0.0798,-0.0115,0.053200003
SNDK,Sandisk Corporation,261751783424,technology,computer-hardware,24.233294,0.0,6.7847743,0.16560122,0.5815302,2.0178,0.2318,36.8558,7.5143
SNPS,"Synopsys, Inc.",94005436416,technology,software-infrastructure,75.700615,0.0,26.397232,0.21715681,0.10348934,0.1726,0.2275,0.42270002,0.1876
SO,Southern Company (The),96020799488,utilities,utilities-regulated-electric,20.113253,0.03595126,16.954386,-0.07083552,-0.09450717,0.0672,0.0728,0.0311,-0.0149
SOLV,Solventum Corporation,14940535808,healthcare,medical-instruments-supplies,10.729828,0.0,12.139158,0.00067716825,0.12681803,0.1693,0.012,-0.0971,0.14
SPG,"Simon Property Group, Inc.",76232187904,real-estate,reit-retail,14.171489,0.043833435,29.545351,-0.07019147,-0.014074753,-0.010299999,0.1618,0.0186,0.7979
SPGI,S&P Global Inc.,114429566976,financial-services,financial-data-stock-exchanges,23.596352,0.0097852815,19.197548,-0.07281694,-0.08662975,0.0023999999,0.1313,-0.0648,-0.0508
SRE,DBA Sempra,51036925952,utilities,utilities-diversified,22.62319,0.033453055,14.089109,-0.077741496,-0.13418995,0.088999994,0.0847,-0.0378,0.1039
STE,STERIS plc (Ireland),20410673152,healthcare,medical-devices,25.56044,0.011999429,17.093012,-0.06564414,-0.08432291,0.098500006,0.0963,0.0841,0.1088
STLD,"Steel Dynamics, Inc.",32416516096,basic-materials,steel,20.542234,0.009295609,11.55492,-0.070400804,0.045710567,1.1099,0.1706,0.9428,2.0992
STT,State Street Corporation,47968419840,financial-services,asset-management,15.41218,0.019347036,11.395427,-0.06405109,0.13055946,0.33330002,0.12100001,0.3177,0.2143
STX,Seagate Technology Holdings PLC,215016013824,technology,computer-hardware,67.88011,0.0031875446,17.076866,0.10560135,0.46690977,1.2966,0.5475,1.8155999,1.6946001
STZ,"Constellation Brands, Inc.",19299182592,consumer-defensive,beverages-brewers,10.760952,0.036175486,9.211709,-0.11548139,-0.21301912,-0.0078,0.0461,-0.022,-0.077199996
SW,Smurfit WestRock plc,22575466496,consumer-cyclical,packaging-containers,45.787235,0.040090706,12.544412,-0.07918493,-0.0038996723,0.4077,0.6336,0.051,1.6815
SWK,"Stanley Black & Decker, Inc.",13529580544,industrials,tools-accessories,21.904644,0.037476014,14.042913,-0.059616115,0.07090647,0.2002,0.1382,0.0946,0.2005
SWKS,"Skyworks Solutions, Inc.",12513316864,technology,semiconductors,43.088085,0.033224143,16.757177,0.13392168,0.26743272,-0.1499,-0.0155,-0.2766,-0.144
SYF,Synchrony Financial,23267270656,financial-services,credit-services,7.334359,0.016908552,6.840902,-0.068072006,-0.043804318,-0.001,0.1058,-0.1698,0.0507
SYK,Stryker Corporation,104700100608,healthcare,medical-devices,28.315351,0.012636624,16.326492,-0.12739424,-0.17536205,0.099700004,0.1155,0.1189,0.14930001
SYY,Sysco Corporation,37296025600,consumer-defensive,food-distribution,21.248632,0.027834788,14.3802,-0.051316988,-0.025672488,0.0999,0.0581,0.0367,0.086899996
T,AT&T Inc.,166512967680,communication-services,telecom-services,8.019802,0.045491803,9.463686,-0.024668312,-0.033910576,0.1025,0.0986,0.1177,0.0055
TAP,Molson Coors Beverage Company,6919305728,consumer-defensive,beverages-brewers,0.0,0.05209761,7.5863047,-0.079832196,-0.14418747,-0.129,0.036199998,-0.1173,-0.1446
TDG,Transdigm Group Incorporated,60651614208,industrials,aerospace-defense,33.229557,0.0,22.689735,-0.07295838,-0.12181694,0.103599995,0.1729,0.12550001,0.1571
TDY,Teledyne Technologies Incorpora,28402120704,technology,scientific-technical-instruments,29.61334,0.0,22.878971,-0.035503007,-0.015753182,0.1252,0.082399994,0.106400006,0.0322
TECH,Bio-Techne Corp,11353640960,healthcare,biotechnology,62.413795,0.00441562,31.307024,0.0021260935,0.16957934,0.0448,0.1469,0.0186,0.013200001
TEL,TE Connectivity plc,63044395008,technology,electronic-components,21.30724,0.013786242,16.858639,0.04448659,0.0153301405,0.3076,0.1276,0.2571,0.1033
TER,"Teradyne, Inc.",65004920832,technology,semiconductor-equipment-materials,56.957535,0.0012471627,35.682564,0.116220824,0.24983025,1.2958,0.28170002,1.4124,0.1187
TFC,Truist Financial Corporation,56536862720,financial-services,banks-regional,10.63908,0.044924404,9.300437,-0.08523087,-0.07131771,0.19389999,0.09810001,0.082600005,0.1171
TGT,Target Corporation,71188299776,consumer-defensive,discount-stores,16.255186,0.029102048,16.412243,0.0117875645,0.22210918,0.3527,-0.067600004,0.1506,0.0953
TJX,"TJX Companies, Inc. (The)",146945523712,consumer-cyclical,apparel-retail,24.738888,0.013679993,23.138397,-0.058247812,-0.12567645,0.1099,0.099700004,0.044099998,0.0454
TKO,"TKO Group Holdings, Inc.",33319038976,communication-services,entertainment,62.871426,0.017304696,37.60526,-0.06534614,-0.10608606,1.0591,0.0556,1.8476,34.7433
TMO,Thermo Fisher Scientific Inc,241263804416,healthcare,diagnostics-research,35.15679,0.0026664692,23.686079,0.06397066,0.20431003,0.0987,0.0964,0.107,0.1046
TMUS,"T-Mobile US, Inc.",173483180032,communication-services,telecom-services,16.917362,0.025018396,11.202373,-0.08676035,-0.15576422,0.1266,0.2724,0.2052,0.4731
TPL,Texas Pacific Land Corporation,23207221248,energy,oil-gas-e-p,41.487053,0.0069668232,4.6014767,-0.08783819,-0.15125613,0.33470002,0.1099,0.3415,0.47529998
TPR,"Tapestry, Inc.",23775463424,consumer-cyclical,luxury-goods,16.40165,0.013908206,13.398459,-0.09288566,-0.14013301,0.1309,0.1162,0.1279,0.1273
TRGP,"Targa Resources, Inc.",59892727808,energy,oil-gas-midstream,26.702677,0.016647553,23.122473,-0.007584487,0.12976024,0.2782,0.0507,0.168,0.100200005
TRMB,Trimble Inc.,13414836224,technology,scientific-technical-instruments,0.0,0.0,13.906144,-0.0072785057,-0.08533294,0.1728,0.127,0.0618,0.16049999
TROW,"T. Rowe Price Group, Inc.",22575216640,financial-services,asset-management,10.447186,0.049399324,10.257459,-0.042305738,0.018872201,0.0511,0.0098,-0.0495,0.0091
TRV,"The Travelers Companies, Inc.",75429076992,financial-services,insurance-property-casualty,9.905232,0.012762615,11.924916,-0.028231842,0.13222413,0.2386,-0.1126,-0.1464,-0.1367
TSCO,Tractor Supply Company,16532602880,consumer-cyclical,specialty-retail,16.612566,0.030041546,15.492028,-0.051567487,-0.20912164,-0.091000006,0.091000006,-0.168,-0.0626
TSLA,"Tesla, Inc.",1398574153728,consumer-cyclical,auto-manufacturers,334.06604,0.0,163.71242,0.020596325,-0.10176807,0.0551,0.2349,-0.1221,-0.0334
TSN,"Tyson Foods, Inc.",17755422720,consumer-defensive,farm-products,31.154322,0.009895112,12.226438,-0.0907879,-0.16013369,-0.1005,0.113800004,-0.3142,0.0421
TT,Trane Technologies plc,100977442816,industrials,building-products-equipment,34.19821,0.0088057,26.05754,0.008590616,0.026665505,0.1685,0.1541,0.2173,0.2619
TTD,"The Trade Desk, Inc.",5720820736,communication-services,advertising-agencies,0.1448755,0.0,11.987557,-0.17845793,-0.47032213,-0.3458,-0.1348,-0.4385,-0.5091
TTWO,"Take-Two Interactive Software, ",38072958976,communication-services,electronic-gaming-multimedia,0.0,0.0,19.783972,-0.104401745,-0.09489168,2.1373,1.8697,-0.2006,4.6463
TXN,Texas Instruments Incorporated,256905707520,technology,semiconductors,42.558243,0.02006498,26.426865,0.039498027,0.1356044,0.5607,0.1875,0.632,0.7936
TXT,Textron Inc.,13272229888,industrials,aerospace-defense,14.343865,0.0010498688,10.619091,-0.07873663,-0.13978471,0.0588,0.1252,-0.0301,0.09689999
TYL,"Tyler Technologies, Inc.",13521620992,technology,software-application,41.847908,0.0,21.507925,-0.012976774,-0.047718223,0.1582,0.172,0.1673,0.29610002
UAL,"United Airlines Holdings, Inc.",36280401920,industrials,airlines,10.388475,0.0,7.7236614,-0.036565363,0.024808858,-0.1552,0.5611,0.003,-0.0176
UBER,"Uber Technologies, Inc.",138648977408,technology,software-application,14.885964,0.0,15.34358,-0.07138869,-0.09358284,-0.32509997,0.42740002,-0.70559996,6.2076
UDR,"UDR, Inc.",12372827136,real-estate,reit-residential,21.316456,0.05156483,60.142857,-0.083612174,-0.09016741,-0.076799996,,0.17799999,-0.78629994
UHS,"Universal Health Services, Inc.",10318016512,healthcare,medical-care-facilities,7.207493,0.0045908415,7.2947664,0.020214375,-0.034293905,0.038399998,0.0631,-0.088199995,-0.0274
ULTA,"Ulta Beauty, Inc.",22991974400,consumer-cyclical,specialty-retail,19.575172,0.0,16.758385,0.010472817,-0.033253897,0.129,0.105,0.088199995,0.132
UNH,UnitedHealth Group Incorporated,327801634816,healthcare,healthcare-plans,23.591732,0.024381606,16.15201,-0.07800128,0.025607811,0.2151,0.1381,0.42099997,-0.0034
UNP,Union Pacific Corporation,161838055424,industrials,railroads,22.0583,0.020284422,19.199055,-0.06539677,0.030271543,0.119399995,0.0871,0.115,0.1475
UPS,"United Parcel Service, Inc.",79879880704,industrials,integrated-freight-logistics,17.451672,0.07020548,11.6350975,-0.08670511,-0.10637041,0.0062,0.1201,-0.0639,0.1525
URI,"United Rentals, Inc.",64365580288,industrials,rental-leasing-services,24.900314,0.0075141387,18.041649,-0.029978346,0.0938687,0.1718,0.16290002,0.1883,0.186
USB,U.S. Bancorp,89369829376,financial-services,banks-regional,11.449101,0.03601108,9.888871,-0.08061305,-0.0046367073,0.1314,0.1113,0.075100005,0.103199996
V,Visa Inc.,675566321664,financial-services,credit-services,30.625532,0.0074583255,23.983126,-0.023095464,0.06673066,0.1533,0.13430001,0.1507,0.1443
VEEV,Veeva Systems Inc.,45646958592,healthcare,health-information-services,46.142387,0.0,27.503649,0.1418256,0.40497002,0.1402,0.1099,0.1486,0.1201
VICI,VICI Properties Inc.,25027491840,real-estate,reit-diversified,8.810078,0.07836308,7.6020064,-0.10993288,-0.17310426,0.05,0.087299995,0.0094,0.2893
VLO,Valero Energy Corporation,117606842368,energy,oil-gas-refining-marketing,17.02626,0.012022394,10.4190445,0.16332984,0.5838019,3.5068,-0.18010001,4.1479,2.4778
VLTO,Veralto Corp,23062849536,industrials,pollution-treatment-controls,23.828714,0.0053011025,19.832369,-0.018926675,0.016815566,0.1288,0.0861,0.101,0.0884
VMC,Vulcan Materials Company (Holdi,31614619648,basic-materials,building-materials,28.805193,0.008257368,23.028408,-0.08446918,-0.14271186,0.14029999,0.16139999,0.062800005,0.32799998
VRSK,"Verisk Analytics, Inc.",21915670528,industrials,consulting-services,25.864822,0.01131963,19.357672,-0.090760835,-0.11632002,0.0764,0.1286,0.12060001,0.0857
VRSN,"VeriSign, Inc.",25935759360,technology,software-infrastructure,30.915949,0.0112052765,25.936268,-0.004727606,0.08090452,0.0875,0.13350001,0.0639,0.1022
VRT,"Vertiv Holdings, LLC",94753284096,industrials,electrical-equipment-parts,55.557564,0.00072520826,26.864714,-0.06384513,-0.06678909,0.6042,0.3616,0.4745,0.6289
VRTX,Vertex Pharmaceuticals Incorpor,128438788096,healthcare,biotechnology,29.73826,0.0,25.219978,-0.019632552,0.07110648,-0.12109999,0.2433,-1.2541001,-0.0928
VST,Vistra Corp.,46905020416,utilities,utilities-independent-power-producers,23.526936,0.0065775206,13.482081,-0.032413926,-0.09958436,3.3938,0.081199996,0.47869998,4.8122
VTR,"Ventas, Inc.",42949001216,real-estate,reit-healthcare-facilities,152.23637,0.023523878,105.98734,-0.08243509,-0.024780497,-0.0248,0.79550004,-0.0907,0.0515
VTRS,Viatris Inc.,20054394880,healthcare,drug-manufacturers-specialty-generic,0.0,0.027088037,6.5312777,0.031366188,0.14423147,0.071,0.0622,-0.0374,0.036199998
VZ,Verizon Communications Inc.,191036571648,communication-services,telecom-services,11.973958,0.060933076,8.707575,-0.046888623,-0.008268393,0.066700004,0.052399997,0.056900002,0.057800002
WAB,Westinghouse Air Brake Technolo,48619298816,industrials,railroads,38.58445,0.0038999931,23.109451,-0.0103082,0.10383951,0.21139999,0.1462,0.17790002,0.2577
WAT,Waters Corporation,41781026816,healthcare,diagnostics-research,111.10444,0.0,25.716927,0.04236939,0.17178993,0.1101,0.1347,0.1757,0.0322
WBD,"Warner Bros. Discovery, Inc. - ",77595885568,communication-services,entertainment,0.0,0.0,497.4285,0.10448149,0.11865516,-4.8797,1.0058,0.9533,0.6414
WDAY,"Workday, Inc.",45006749696,technology,software-application,38.347023,0.0,14.112468,0.016963027,0.18512586,0.2,0.19469999,0.18290001,0.19299999
WDC,Western Digital Corporation,166771818496,technology,computer-hardware,17.19554,0.0011002069,14.569035,-0.017711587,0.16403435,0.96589994,0.5803,1.271,1.1932
WEC,"WEC Energy Group, Inc.",33148657664,utilities,utilities-regulated-electric,19.753399,0.036614407,16.958109,-0.050342217,-0.08601133,0.16370001,0.0731,0.12550001,0.3964
WELL,Welltower Inc.,163526623232,real-estate,reit-healthcare-facilities,102.22523,0.013333912,71.36478,-0.040060755,0.06197864,,0.1042,0.1439,0.19459999
WFC,Wells Fargo & Company,242675941376,financial-services,banks-diversified,11.664244,0.022485945,10.079139,-0.07129882,-0.05446963,0.1699,0.0935,0.1162,0.1574
WM,"Waste Management, Inc.",80702496768,industrials,waste-management,28.516949,0.017359748,22.142601,-0.08715314,-0.102574736,0.086,0.1195,0.105100006,0.089099996
WMB,"Williams Companies, Inc. (The)",84667654144,energy,oil-gas-midstream,27.57769,0.030160364,26.839966,-0.04271677,-0.025932673,0.1565,0.08939999,0.0896,0.1408
WMT,Walmart Inc.,829709352960,consumer-defensive,discount-stores,38.902985,0.009285989,32.324173,-0.043802056,-0.11976729,0.093,0.1178,0.024400001,0.0612
WRB,W.R. Berkley Corporation,25577576448,financial-services,insurance-property-casualty,14.176954,0.005478235,14.171065,-0.019233784,4.8613452e-05,0.13,-0.0063,0.0225,0.0699
WSM,"Williams-Sonoma, Inc.",27488481280,consumer-cyclical,specialty-retail,23.912909,0.012459419,22.197767,0.00097273773,0.119979754,0.114300005,0.066599995,0.120799996,0.08140001
WST,"West Pharmaceutical Services, I",25687857152,healthcare,medical-instruments-supplies,46.67647,0.0023465315,36.5629,0.03840988,0.21118045,0.22940001,0.113900006,0.1188,0.11359999
WTW,Willis Towers Watson Public Lim,27081457664,financial-services,insurance-brokers,17.856707,0.0065225684,12.759451,-0.098327994,-0.025323546,0.1619,0.1519,0.1709,0.1359
WY,Weyerhaeuser Company,13398481920,real-estate,reit-specialty,29.046875,0.044094488,27.644766,-0.20119283,-0.23193243,0.65639997,0.9743,0.5495,1.087
WYNN,"Wynn Resorts, Limited",7959881728,consumer-cyclical,resorts-casinos,18.53717,0.012589701,15.0028925,-0.17335752,-0.25386095,0.122200005,0.0654,0.0641,0.0497
XEL,Xcel Energy Inc.,44067950592,utilities,utilities-regulated-electric,19.328768,0.032988083,15.547627,-0.073984094,-0.09683507,0.083000004,0.1026,0.0552,0.0468
XOM,ExxonMobil Holdings Corporation,673613414400,energy,oil-gas-integrated,20.975674,0.025069123,14.488307,0.022536824,0.10212894,0.7597,-0.0808,0.9872,0.9285
XYL,Xylem Inc.,23554148352,industrials,specialty-industrial-machinery,24.019049,0.016391825,16.152403,-0.10573248,-0.16877297,0.115100004,0.1026,0.0618,0.1618
XYZ,"Block, Inc.",44482863104,technology,software-infrastructure,132.21428,0.0,14.246051,-0.07188739,0.05715329,0.708,0.2839,0.89629996,0.7825
YUM,"Yum! Brands, Inc.",37302849536,consumer-cyclical,restaurants,17.412739,0.010708523,19.5829,-0.070816204,-0.11318145,0.0586,0.08979999,-0.0633,0.0403
ZBH,"Zimmer Biomet Holdings, Inc.",16796360704,healthcare,medical-devices,21.373787,0.010807159,9.711864,-0.08387451,-0.0362939,0.040700004,0.0625,-0.0093,0.03
ZBRA,Zebra Technologies Corporation,17762787328,technology,communication-equipment,34.25639,0.0,16.912422,0.08435157,0.41098753,0.32819998,0.056500003,0.2629,0.1981
ZTS,Zoetis Inc.,28553750528,healthcare,drug-manufacturers-specialty-generic,11.27243,0.029500213,10.567446,-0.07368183,-0.30098933,-0.0315,0.0533,-0.1097,-0.125
