Ticker,Short Name,Market Cap,Sector,Industry,PE Ratio,Dividend Yield,Forward P/E Ratio,50日均差%,200日均差%,CurrentY成長,NextY成長,CurrentQ成長,NextQ成長,stock,ethnic_group
AAPL,Apple Inc.,4869931925504,technology,consumer-electronics,38.31114,0.0031787355,34.821583,0.034966618,0.15400338,0.1823,0.0857,0.0695,0.0232,,
ABBV,AbbVie Inc.,464433774592,healthcare,drug-manufacturers-general,73.61905,0.026276305,16.164665,0.019304091,0.1352075,0.4007,0.1607,1.0665001,0.425,,
ABNB,"Airbnb, Inc.",97260748800,consumer-cyclical,travel-services,37.0,0.0,26.232489,-0.042702697,0.13199192,0.3147,0.17969999,0.2908,0.4884,,
ABT,Abbott Laboratories,168712372224,healthcare,medical-devices,31.553398,0.025648981,16.074652,-0.08740509,-0.06262756,0.0717,0.099,0.0923,0.0919,,
ACGL,Arch Capital Group Ltd.,31939045376,financial-services,insurance-diversified,7.3239436,0.0,9.587776,-0.046891738,-0.028725281,-0.039,0.033,-0.3053,-0.1672,,
ACN,Accenture plc,121715277824,technology,information-technology-services,15.89928,0.031088082,13.56369,0.10443176,0.0152384965,,0.1434,0.3013,0.077,,
ADBE,Adobe Inc.,94481776640,technology,software-application,13.263951,0.0,8.589151,-0.08045382,-0.085357755,0.1691,0.1304,0.1512,0.115600005,,
ADI,"Analog Devices, Inc.",202136485888,technology,semiconductors,49.483982,0.010603065,25.516695,0.110983856,0.16025315,0.65529996,0.2678,0.7032,0.5398,,
ADM,Archer-Daniels-Midland Company,38773645312,consumer-defensive,farm-products,21.980873,0.025905432,14.188413,-0.017512647,0.08120671,0.6035,0.0309,0.703,0.5747,,
ADP,"Automatic Data Processing, Inc.",102106095616,technology,software-application,23.53242,0.025155326,19.232088,-0.050369352,0.08279276,0.1024,0.093,0.109799996,0.113400005,,
ADSK,"Autodesk, Inc.",44308000768,technology,software-application,27.461142,0.0,14.930219,-0.09173088,-0.11284542,0.2092,0.1258,0.14899999,0.1228,,
AEE,Ameren Corporation,27667716096,utilities,utilities-regulated-electric,17.595072,0.0293055,17.227262,-0.05760722,-0.07333011,0.0089,0.0809,-0.003,-0.2482,,
AEP,American Electric Power Company,65093595136,utilities,utilities-regulated-electric,20.68685,0.031565763,17.43806,-0.034568865,-0.05886335,0.069,0.0744,0.0598,0.21129999,,
AES,The AES Corporation,10637370368,utilities,utilities-diversified,5.5842695,0.047184985,6.289812,0.008454515,0.015283739,-0.0225,0.0363,0.2387,-0.2642,,
AFL,AFLAC Incorporated,55919833088,financial-services,insurance-life,12.032362,0.021406729,14.76813,-0.06105897,-0.0304006,-0.0634,0.0767,-0.28120002,0.090299994,,
AIG,"American International Group, I",39180386304,financial-services,insurance-diversified,13.673358,0.02452605,8.506672,-0.021597192,-0.028225346,0.1382,0.0916,-0.1697,0.0802,,
AIZ,"Assurant, Inc.",13185229824,financial-services,insurance-property-casualty,12.802683,0.012920674,11.407619,-0.04613195,0.067408875,0.1309,0.0481,-0.1967,-0.0466,,
AJG,Arthur J. Gallagher & Co.,57961263104,financial-services,insurance-brokers,37.435432,0.011646967,15.210949,-0.09454733,-0.029390674,0.22700001,0.1333,0.2928,0.17729999,,
AKAM,"Akamai Technologies, Inc.",15653612544,technology,software-infrastructure,39.463768,0.0,15.902702,-0.026354263,-0.024704758,-0.0675,0.031600002,-0.1014,-0.0376,,
ALB,Albemarle Corporation,12342148096,basic-materials,specialty-chemicals,387.37033,0.015424165,9.260283,-0.14856175,-0.3267643,15.6287,-0.0227,14.4198,5.1877003,,
ALGN,"Align Technology, Inc.",10211269632,healthcare,medical-instruments-supplies,24.95486,0.0,11.494354,-0.102557175,-0.15601775,0.074200004,0.107700005,0.069699995,-0.021,,
ALL,Allstate Corporation (The),56574439424,financial-services,insurance-property-casualty,4.4801764,0.018537497,8.053567,-0.11794201,-0.004427888,0.0113,-0.21129999,-0.42290002,-0.35779998,,
ALLE,Allegion plc,13113523200,industrials,security-protection-services,20.237534,0.013741249,15.764332,-0.025759427,0.026145715,0.1005,0.092,0.088599995,0.16360001,,
AMAT,"Applied Materials, Inc.",428574343168,technology,semiconductor-equipment-materials,46.51507,0.0037407898,29.255379,0.10867718,0.26280814,0.3577,0.4434,0.8711,0.76449996,,
AMCR,Amcor plc,19337048064,consumer-cyclical,packaging-containers,17.588234,0.062186077,9.608256,-0.06943446,-0.022130534,0.1341,0.0791,,,,
AMD,"Advanced Micro Devices, Inc.",1034842210304,technology,semiconductors,161.30025,0.0,40.67883,0.23440659,0.69167346,0.817,1.0567,0.6078,0.73120004,,
AME,"AMETEK, Inc.",57757786112,industrials,specialty-industrial-machinery,36.778103,0.005218997,26.206156,0.033193577,0.09408316,0.1243,0.1508,0.1125,0.0883,,
AMGN,Amgen Inc.,217896321024,healthcare,drug-manufacturers-general,25.064678,0.024062661,16.484947,-0.015732551,0.105603665,0.0557,0.060399998,0.025,0.0968,,
AMP,"Ameriprise Financial, Inc.",43363659776,financial-services,asset-management,11.961744,0.01313609,9.518726,-0.09671719,-0.0044828826,0.18290001,0.1097,0.1926,0.1433,,
AMT,American Tower Corporation (REI,75578720256,real-estate,reit-specialty,22.310865,0.04333789,23.138243,-0.06184316,-0.083019,0.2932,0.0038,-0.1008,-0.051799998,,
AMZN,"Amazon.com, Inc.",2712973606912,consumer-cyclical,internet-retail,20.234915,0.0,24.009829,-0.019582577,0.042082295,0.7967,-0.1838,-0.0021,0.25,,
ANET,"Arista Networks, Inc.",261514952704,technology,computer-hardware,65.82539,0.0,39.859745,0.07203724,0.30476138,0.3799,0.265,0.4356,0.3996,,
AON,Aon plc,57157201920,financial-services,insurance-brokers,14.862108,0.011070846,13.304518,-0.18130858,-0.18794347,0.0916,0.086899996,0.0923,0.0337,,
AOS,A.O. Smith Corporation,7712811520,industrials,specialty-industrial-machinery,15.8078,0.02505735,13.8878355,-0.05651281,-0.11824387,-0.0287,0.0928,-0.0452,0.0696,,
APA,APA Corporation,15303354368,energy,oil-gas-e-p,9.21519,0.023073373,9.771375,0.05052525,0.23607887,0.66260004,-0.26860002,0.5266,0.6204,,
APD,"Air Products and Chemicals, Inc",61810827264,basic-materials,specialty-chemicals,0.0,0.026341785,19.22648,-0.061520975,-0.028408283,0.1184,0.0731,0.0589,0.0995,,
APH,Amphenol Corporation,214440476672,technology,electronic-components,43.48,0.0053460957,26.450584,0.071608976,0.17289473,0.59860003,0.2315,0.5512,0.53110003,,
APO,"Apollo Global Management, Inc. ",67333730304,financial-services,asset-management,40.721428,0.01875984,10.656872,-0.11397695,-0.099600665,0.0432,0.22389999,0.0392,-0.0123000005,,
APP,Applovin Corporation,90105700352,communication-services,advertising-agencies,20.61645,0.0,12.784076,-0.18896687,-0.41207692,0.6064,0.27719998,0.6377,0.3749,,
APTV,Aptiv PLC,9040355328,consumer-cyclical,auto-parts,19.701357,0.0,6.6540437,-0.08668329,-0.31234786,-0.2681,0.1432,-0.38819999,-0.1259,,
ARE,Alexandria Real Estate Equities,8152153088,real-estate,reit-office,0.0,0.07399532,-58.48148,-0.07050579,-0.058214936,1.1726,,-1.0,,,
ARES,Ares Management Corporation,39000260608,financial-services,asset-management,54.170506,0.04237797,16.36797,-0.11769783,-0.0948048,0.22540002,0.2313,0.0876,0.3722,,
ATO,Atmos Energy Corporation,26559932416,utilities,utilities-regulated-gas,18.733015,0.024747409,17.42635,-0.05739246,-0.09922718,0.1338,0.066300005,0.071100004,0.0766,,
AVB,"AvalonBay Communities, Inc.",26283393024,real-estate,reit-residential,25.248285,0.038357057,36.584446,0.0,0.0,-0.08229999,0.0942,-0.15619999,0.1004,,
AVGO,Broadcom Inc.,1695307005952,technology,semiconductors,43.844444,0.0075660567,18.321383,-0.048449855,-0.03362523,0.7093,0.6636,0.9629,0.9899,,
AVY,Avery Dennison Corporation,12874131456,consumer-cyclical,packaging-containers,18.585339,0.02225848,15.186273,-0.022743773,-0.016780771,0.0688,0.09819999,-0.0166,0.0155,,
AWK,"American Water Works Company, I",25884450816,utilities,utilities-regulated-water,22.573656,0.026419522,19.837494,-0.0409155,-0.012918802,0.0789,0.0791,0.072399996,0.1408,,
AXON,"Axon Enterprise, Inc.",33579487232,industrials,aerospace-defense,172.22916,0.0,39.202873,-0.21978515,-0.1682459,0.1172,0.3777,0.66480005,0.0581,,
AXP,American Express Company,204470304768,financial-services,credit-services,18.383728,0.011718362,15.005756,-0.075351074,-0.08865491,0.1496,0.13949999,0.105500005,0.2142,,
AZO,"AutoZone, Inc.",45155500032,consumer-cyclical,auto-parts,19.379675,0.0,14.513764,-0.05790968,-0.15307897,0.1093,0.12529999,0.1375,0.1449,,
BA,Boeing Company (The),152984027136,industrials,aerospace-defense,69.37634,0.0,46.90283,-0.088389866,-0.123180956,-1.9106,4.7954,0.9788,-0.9982,,
BAC,Bank of America Corporation,375860232192,financial-services,banks-diversified,12.413395,0.020844966,10.222246,-0.11697351,-0.028071962,0.2068,0.1391,0.0653,0.1683,,
BALL,Ball Corporation,14921327616,consumer-cyclical,packaging-containers,16.151861,0.014159292,12.463573,-0.08706343,-0.061353408,0.1272,0.123900004,0.044899996,0.0832,,
BAX,Baxter International Inc.,12144235520,healthcare,medical-instruments-supplies,0.0,0.008460238,11.535061,-0.069784,0.12765984,-0.0983,-0.0052,-0.248,0.3925,,
BBY,"Best Buy Co., Inc.",18449745920,consumer-cyclical,specialty-retail,14.637271,0.043557584,12.19568,0.004088491,0.20586386,0.0625,0.0558,0.0645,-0.0072000003,,
BDX,"Becton, Dickinson and Company",48157990912,healthcare,medical-instruments-supplies,30.588234,0.023530072,13.287179,-0.018288236,0.08798296,-0.1233,0.0539,0.026600001,-0.0582,,
BEN,"Franklin Templeton, Inc.",16670003200,financial-services,asset-management,22.319729,0.04030769,10.299214,-0.025211936,0.111075446,0.3038,0.1007,0.1499,0.067600004,,
BG,Bunge Limited,20502951936,consumer-defensive,farm-products,23.0,0.02663915,9.476097,-0.06192922,-0.08119916,0.2701,0.1713,0.092700005,0.66440004,,
BIIB,Biogen Inc.,32488151040,healthcare,drug-manufacturers-general,39.546764,0.0,13.29717,0.021296391,0.1264844,-0.17940001,0.3188,-0.5782,0.6433,,
BKNG,Booking Holdings Inc. Common St,119484530688,consumer-cyclical,travel-services,17.66889,0.010032443,12.860992,-0.16125418,-0.12931916,0.1454,0.1833,0.12979999,0.17989999,,
BKR,Baker Hughes Company,55589748736,energy,oil-gas-equipment-services,18.006432,0.016540814,18.60193,-0.07622769,-0.056513987,-0.0027,0.1608,-0.0874,-0.097399995,,
BLDR,"Builders FirstSource, Inc.",6052300800,industrials,building-products-equipment,61.141304,0.0,12.895698,-0.1460789,-0.34269068,-0.5423,0.3833,-0.42830002,-0.4351,,
BLK,"BlackRock, Inc.",172164644864,financial-services,asset-management,25.38036,0.020556955,16.476572,-0.045073617,-0.0011624065,0.1694,0.1436,0.2333,0.1698,,
BMY,Bristol-Myers Squibb Company,124912001024,healthcare,drug-manufacturers-general,13.469164,0.041262534,9.3147745,-0.05203495,0.029527197,0.12979999,-0.0552,0.061100002,0.2665,,
BNY,The Bank of New York Mellon Cor,98654494720,financial-services,banks-diversified,16.809248,0.014730405,14.152049,-0.07638447,0.06311836,0.23719999,0.1073,0.1894,0.113199994,,
BR,"Broadridge Financial Solutions,",17717401600,technology,information-technology-services,16.346874,0.024201056,13.556706,-0.06843477,-0.08289402,0.0988,0.097399995,-0.0934,0.119799994,,
BRO,"Brown & Brown, Inc.",20046508032,financial-services,insurance-brokers,19.140574,0.010441962,12.446891,-0.1272184,-0.11804776,0.0519,0.074200004,0.0318,0.0058999998,,
BSX,Boston Scientific Corporation,61737177088,healthcare,medical-devices,17.246964,0.0,12.491166,-0.091227174,-0.309922,0.067,0.0446,0.0148,0.0463,,
BX,Blackstone Inc.,133574524928,financial-services,asset-management,25.000002,0.04659658,14.991367,-0.15625222,-0.1296712,0.0756,0.24430001,-0.1125,0.0017,,
BXP,"BXP, Inc.",10934040576,real-estate,reit-office,32.5,0.04648074,27.195185,-0.09486742,-0.038375113,,0.060100004,2.4961,-0.1125,,
C,"Citigroup, Inc.",215550623744,financial-services,banks-diversified,13.846983,0.018897638,9.962792,-0.040554993,0.02088892,0.48310003,0.155,0.15810001,0.8578,,
CAG,"ConAgra Brands, Inc.",6378217984,consumer-defensive,packaged-foods,0.0,0.09280303,8.763586,-0.119117044,-0.1435623,-0.1519,0.045100003,-0.2746,-0.1184,,
CAH,"Cardinal Health, Inc.",52864999424,healthcare,medical-distribution,31.53315,0.008900865,16.239805,-0.018782781,0.04708707,0.1476,0.1187,0.1529,0.187,,
CARR,Carrier Global Corporation,45436796928,industrials,building-products-equipment,39.37143,0.017113363,16.639597,-0.07348266,-0.10555567,0.1125,0.1444,0.1446,1.0876,,
CASY,"Caseys General Stores, Inc.",22832513024,consumer-cyclical,specialty-retail,29.742899,0.0038095235,26.340387,-0.17132542,-0.15646183,0.113000005,0.09770001,0.056900002,0.13939999,,
CAT,"Caterpillar, Inc.",388618321920,industrials,farm-heavy-construction-machinery,36.36215,0.0074544684,26.111473,0.026682373,0.06329426,0.4264,0.1909,0.39740002,0.3404,,
CB,Chubb Limited,127657328640,financial-services,insurance-property-casualty,11.725373,0.011862361,11.3421,-0.034738142,0.0028796266,0.12189999,0.048899997,-0.1409,-0.0414,,
CBOE,"Cboe Global Markets, Inc.",28327958528,financial-services,financial-data-stock-exchanges,21.142635,0.0103899855,17.914328,-0.057117958,-0.055161655,0.3192,0.0758,0.2783,0.1309,,
CBRE,CBRE Group Inc,37523169280,real-estate,real-estate-services,29.652176,0.0,14.2808485,-0.10011637,-0.10728368,0.22629999,0.1618,0.21440001,-0.0070999996,,
CCI,Crown Castle Inc.,29034280960,real-estate,reit-specialty,27.118368,0.06427707,22.91082,-0.10094229,-0.19943702,-0.085200004,0.2579,0.0618,0.1,,
CCL,Carnival Corporation Ltd.,34637160448,consumer-cyclical,travel-services,11.348018,0.017949741,10.0581,0.019366413,-0.06256876,0.0034999999,0.1344,2.9729002,-0.67260003,,
CDNS,"Cadence Design Systems, Inc.",96759332864,technology,software-application,69.99004,0.0,36.724358,0.10281153,0.07877385,0.1842,0.1745,0.059899997,0.016900001,,
CDW,CDW Corporation,16663571456,technology,information-technology-services,16.020433,0.018515792,11.09342,-0.064076014,0.012628391,0.0937,0.0964,0.091800004,0.0979,,
CEG,Constellation Energy Corporatio,91230609408,utilities,utilities-independent-power-producers,25.194715,0.006291518,19.330849,-0.051513117,-0.10529038,0.2933,0.09689999,0.2345,0.35799998,,
CF,"CF Industries Holdings, Inc.",17405399040,basic-materials,agricultural-inputs,8.531899,0.017461149,10.406629,-0.07562942,0.022388369,0.7066,-0.2697,0.3786,0.3852,,
CFG,"Citizens Financial Group, Inc.",27094304768,financial-services,banks-regional,14.01525,0.028257456,9.852255,-0.07857264,-0.012537073,0.37080002,0.2356,0.3241,0.31370002,,
CHD,"Church & Dwight Company, Inc.",22370699264,consumer-defensive,household-personal-products,30.227564,0.0128041655,23.371536,-0.04198565,-0.017604738,0.0683,0.07,0.1092,0.1992,,
CHRW,"C.H. Robinson Worldwide, Inc.",18429779968,industrials,integrated-freight-logistics,30.156788,0.01639023,21.020645,0.042092044,-0.084642395,0.23030001,0.2007,0.2229,0.30200002,,
CHTR,"Charter Communications, Inc.",14203066368,communication-services,telecom-services,2.843872,0.0,2.3233418,-0.22078978,-0.37509775,0.093100004,0.0987,0.0714,0.0855,,
CI,The Cigna Group,71484973056,healthcare,healthcare-plans,11.183547,0.022913868,8.079232,-0.030240897,-0.03366008,0.0225,0.0975,-0.0425,-0.081199996,,
CIEN,Ciena Corporation,55495348224,technology,communication-equipment,87.74439,0.0,33.084976,0.046466008,4.1410294e-05,1.7142999,0.7647,11.438399,0.747,,
CINF,Cincinnati Financial Corporatio,24855769088,financial-services,insurance-property-casualty,7.646364,0.022325007,17.876005,-0.054289985,-0.032906257,0.069699995,0.0654,-0.29930001,-0.1305,,
CL,Colgate-Palmolive Company,67169783808,consumer-defensive,household-personal-products,33.17323,0.02472495,20.548613,-0.059977975,-0.047617376,0.0497,0.0587,0.0216,0.017,,
CLX,Clorox Company (The),9724062720,consumer-defensive,household-personal-products,16.787058,0.0616243,12.857063,-0.1591304,-0.20684744,0.045100003,0.082200006,0.2872,-0.0354,,
CMCSA,Comcast Corporation,76544090112,communication-services,telecom-services,6.9134617,0.060829494,6.0158467,-0.12643771,-0.1923372,-0.1918,0.0294,-0.1195,-0.19870001,,
CME,CME Group Inc.,94619688960,financial-services,financial-data-stock-exchanges,22.318916,0.019238023,20.349533,-0.027254142,-0.054883596,0.0937,0.0556,0.0939,0.0695,,
CMG,"Chipotle Mexican Grill, Inc.",40948928512,consumer-cyclical,restaurants,29.962963,0.0,23.643045,-0.0670211,-0.07205875,-0.0174,0.19049999,0.0017,0.13520001,,
CMI,Cummins Inc.,72730902528,industrials,specialty-industrial-machinery,27.024042,0.015473888,15.279712,-0.090257235,-0.12434394,0.395,0.17959999,1.1791,1.0074,,
CMS,CMS Energy Corporation,19987408896,utilities,utilities-regulated-electric,19.141142,0.034962285,15.338708,-0.06846094,-0.12480937,0.0723,0.0735,0.2086,0.3171,,
CNC,Centene Corporation,31116746752,healthcare,healthcare-plans,0.0,0.0,11.778764,-0.026568037,0.19323204,1.3484,0.094799995,-0.8056,0.08229999,,
CNP,"CenterPoint Energy, Inc (Holdin",24893038592,utilities,utilities-regulated-electric,22.49405,0.024187047,18.103863,-0.04769823,-0.08681868,0.0857,0.0924,-0.0175,0.028099999,,
COF,Capital One Financial Corporati,119457775616,financial-services,credit-services,10.7283745,0.015425751,8.168378,-0.0775507,-0.05315772,0.0323,0.1776,-0.08930001,0.2394,,
COHR,Coherent Corp.,66003300352,technology,scientific-technical-instruments,82.00487,0.0,23.996212,0.13470711,0.16613519,0.6792,0.491,0.6925,0.70269996,,
COIN,"Coinbase Global, Inc.",48282157056,financial-services,financial-data-stock-exchanges,0.0,0.0,64.659744,0.058804773,-0.012992634,-1.4386001,2.4502,-1.138,1.0424,,
COO,"The Cooper Companies, Inc.",10821737472,healthcare,medical-instruments-supplies,19.5567,0.0,12.124634,-0.1501658,-0.2026966,0.0994,0.036199998,-0.0719,-0.0036000002,,
COP,ConocoPhillips,152269520896,energy,oil-gas-e-p,16.788078,0.025971983,13.119855,-0.009781089,0.08768032,0.7289,-0.091800004,0.6822,1.6687,,
COR,"Cencora, Inc.",58975133696,healthcare,medical-distribution,22.943577,0.0075860284,15.588029,-0.027207958,-0.02871673,0.1174,0.109,0.18969999,0.1262,,
COST,Costco Wholesale Corporation,408092835840,consumer-defensive,discount-stores,44.454372,0.0,36.8047,-0.013373288,-0.042405922,0.0975,0.0955,0.08930001,0.1172,,
CPAY,"Corpay, Inc.",25909278720,technology,software-infrastructure,23.98784,0.0,12.547689,-0.017642133,0.13805579,0.28120002,0.148,0.261,0.22709998,,
CPB,The Campbell's Company,5851364864,consumer-defensive,packaged-foods,14.9771,0.08004104,10.688952,-0.10952556,-0.15494777,-0.2182,0.082399994,-0.4644,-0.18049999,,
CPRT,"Copart, Inc.",25214713856,industrials,specialty-business-services,17.56129,0.0,15.548777,-0.10729515,-0.18736443,0.0461,0.0797,-0.0311,0.0404,,
CPT,Camden Property Trust,11105697792,real-estate,reit-residential,31.669968,0.043676253,88.0367,-0.093017675,-0.10242763,0.7909,-0.5251,-0.5722,-0.45720002,,
CRH,CRH PLC,54513410048,basic-materials,building-materials,14.477033,0.018604651,12.617529,-0.11717995,-0.24373068,0.020399999,0.1274,-0.0229,0.08229999,,
CRL,Charles River Laboratories Inte,13977793536,healthcare,diagnostics-research,0.0,0.0,22.783337,0.05115863,0.3820533,0.103999995,0.1223,0.2199,0.38810003,,
CRM,"Salesforce, Inc.",193149878272,technology,software-application,21.511457,0.00723309,14.649173,0.066474125,0.1704928,0.3382,-0.0438,0.060399998,-0.066599995,,
CRWD,"CrowdStrike Holdings, Inc.",276503363584,technology,software-infrastructure,9001.334,0.0,168.1539,0.22858603,0.75874203,0.347,0.2785,0.2959,0.2737,,
CSCO,"Cisco Systems, Inc.",442358235136,technology,communication-equipment,33.693695,0.015322134,19.957735,0.0009242005,0.1481908,0.1883,0.0923,0.3218,0.18290001,,
CSGP,"CoStar Group, Inc.",11094309888,real-estate,real-estate-services,152.1111,0.0,15.406603,-0.0957967,-0.31665573,0.5567,0.31219998,0.485,0.5277,,
CSX,CSX Corporation,87862886400,industrials,railroads,27.57558,0.011602922,20.856146,-0.040632065,0.07068121,0.301,0.1383,0.4434,0.282,,
CTAS,Cintas Corporation,77114769408,industrials,specialty-business-services,37.996063,0.009560327,31.329533,-0.042957354,0.026240371,0.12149999,0.111999996,0.1263,0.084,,
CTSH,Cognizant Technology Solutions ,26355490816,technology,information-technology-services,12.555794,0.021353481,9.235377,-0.006277254,-0.040398132,0.087799996,0.1031,0.053600002,0.1296,,
CTVA,"Corteva, Inc.",7952976896,basic-materials,agricultural-inputs,7.2242427,0.0,2.891316,-0.8488445,-0.84747237,0.0,0.0,0.0,0.0,,
CVNA,Carvana Co.,70686736384,consumer-cyclical,auto-truck-dealerships,33.387436,0.0,28.19087,-0.072385095,-0.113666244,-0.0734,0.44939998,1.1171,-0.55990005,,
CVS,CVS Health Corporation,110579777536,healthcare,healthcare-plans,22.812664,0.03122066,10.137547,-0.08896072,-0.013970446,0.1916,0.061100002,0.0178,0.1616,,
CVX,Chevron Corporation,405443805184,energy,oil-gas-integrated,19.874039,0.033703525,14.273895,0.020449465,0.10745251,1.3111,-0.1372,1.5845,1.8935001,,
D,"Dominion Energy, Inc.",53923737600,utilities,utilities-regulated-electric,20.996574,0.043943387,16.074018,-0.070280224,-0.047274925,0.0482,0.064,0.1314,-0.0163,,
DAL,"Delta Air Lines, Inc.",55299518464,industrials,airlines,13.945272,0.009247594,10.3625345,6.895873e-05,0.10938207,0.0085,0.3515,0.09819999,0.1249,,
DASH,"DoorDash, Inc.",81958305792,consumer-cyclical,internet-retail,99.03141,0.0,22.922743,-0.08101367,0.012982229,0.2147,0.7376,0.4967,0.7402,,
DD,"DuPont de Nemours, Inc.",17552885760,basic-materials,specialty-chemicals,55.54701,0.023452012,16.319387,-0.040582243,-0.055662084,0.4405,0.0971,-0.41959998,0.3483,,
DDOG,"Datadog, Inc.",99542777856,technology,software-application,554.44,0.0,93.20011,0.13307296,0.49983713,0.233,0.1768,0.1649,0.082100004,,
DE,Deere & Company,185232654336,industrials,farm-heavy-construction-machinery,38.166668,0.009711357,30.074898,0.058516078,0.16860947,-0.020299999,0.2594,0.036199998,0.3639,,
DECK,Deckers Outdoor Corporation,10774709248,consumer-cyclical,footwear-accessories,11.319028,0.0,9.503197,-0.09876245,-0.21880357,0.070199996,0.1116,-0.019,0.114300005,,
DELL,Dell Technologies Inc.,357657378816,technology,computer-hardware,32.68565,0.004264038,19.319212,0.15045072,0.9189018,1.5142999,0.0083,1.5317999,1.04,,
DG,Dollar General Corporation,26240161792,consumer-defensive,discount-stores,15.4467535,0.019843604,14.349745,-0.042993665,-0.062365938,0.1548,0.0585,0.1005,0.0547,,
DGX,Quest Diagnostics Incorporated,25753415680,healthcare,diagnostics-research,24.509453,0.014366697,19.349098,-0.018747762,0.13223791,0.1362,0.0775,0.1013,0.107,,
DHI,"D.R. Horton, Inc.",37759672320,consumer-cyclical,residential-construction,13.068732,0.012768131,11.6081,-0.063483335,-0.0910716,-0.0991,0.0991,-0.0124,0.0856,,
DHR,Danaher Corporation,150481190912,healthcare,diagnostics-research,38.15686,0.0068001514,23.012255,0.025225934,0.061790805,0.09060001,0.0935,0.012200001,0.1586,,
DIS,Walt Disney Company (The),176450125824,communication-services,entertainment,21.070105,0.014803118,13.651672,-0.020201873,-0.016015856,0.1685,0.080299996,0.52599996,0.19409999,,
DLR,"Digital Realty Trust, Inc.",67431858176,real-estate,reit-specialty,87.097565,0.027650291,64.64332,-0.051078558,-0.013844245,1.0241001,-0.1333,0.7061,0.32970002,,
DLTR,"Dollar Tree, Inc.",21044615168,consumer-defensive,discount-stores,13.728274,0.0,14.175094,-0.09591839,-0.04369449,0.3791,-0.0022,-0.2345,0.0255,,
DOC,"Healthpeak Properties, Inc.",13817381888,real-estate,reit-healthcare-facilities,55.685715,0.0627572,139.21428,-0.068159655,0.032076947,1.3077,0.5556,1.1374,-0.6862,,
DOV,Dover Corporation,25547491328,industrials,specialty-industrial-machinery,22.717365,0.011060299,16.282417,-0.04011392,-0.09691146,0.1101,0.092,0.0888,0.1228,,
DOW,Dow Inc.,20203870208,basic-materials,chemicals,0.0,0.05074302,16.293552,-0.062032614,-0.12602358,3.5693,-0.2892,4.4749,2.2854,,
DPZ,Domino's Pizza Inc,9845620736,consumer-cyclical,restaurants,16.86204,0.025288135,14.261296,-0.100991435,-0.15878409,0.083900005,0.097600006,0.0774,0.21350001,,
DRI,"Darden Restaurants, Inc.",22745821184,consumer-cyclical,restaurants,19.449514,0.031001467,16.155815,-0.054168224,-0.018227674,0.0577,0.1018,0.083900005,0.1093,,
DTE,DTE Energy Company,25896558592,utilities,utilities-regulated-electric,19.691454,0.037194777,14.87814,-0.07731438,-0.117035836,0.047399998,0.0851,0.0684,0.2354,,
DUK,Duke Energy Corporation (Holdin,88987410432,utilities,utilities-regulated-electric,17.188253,0.037453845,15.914671,-0.055746756,-0.079649515,0.0635,0.0687,0.0121,0.025899999,,
DVA,DaVita Inc.,11400422400,healthcare,medical-care-facilities,15.156065,0.0,10.4236,-0.05687162,0.050650105,0.3704,0.1604,0.4147,0.28530002,,
DVN,Devon Energy Corporation,52415000576,energy,oil-gas-e-p,10.358696,0.022052586,8.773545,0.015428608,0.06845033,0.3966,-0.0493,0.2235,0.67980003,,
DXCM,"DexCom, Inc.",32211515392,healthcare,medical-devices,33.739132,0.0,27.344425,-0.011760244,0.16851711,0.2744,0.172,0.1016,0.0795,,
EA,Electronic Arts Inc.,52925640704,communication-services,electronic-gaming-multimedia,59.743587,inf,21.720531,0.0,0.0,0.0851,0.1292,0.65269995,-0.2169,,
EBAY,eBay Inc.,47347998720,consumer-cyclical,internet-retail,22.35294,0.011332516,15.850883,-0.008568811,0.052978493,0.111,0.0945,0.037,0.042,,
ECL,Ecolab Inc.,76725944320,basic-materials,specialty-chemicals,36.347942,0.010469659,29.084194,-0.01864461,-0.00048935734,0.0842,0.1527,0.0504,0.0665,,
ED,"Consolidated Edison, Inc.",38236581888,utilities,utilities-regulated-electric,17.032948,0.03357488,15.906424,-0.034312308,-0.041781515,0.0715,0.0642,0.0496,0.2027,,
EFX,"Equifax, Inc.",16447885312,industrials,consulting-services,24.647888,0.015172117,13.791609,-0.1924524,-0.23305345,0.1182,0.1834,0.089499995,0.0661,,
EG,"Everest Group, Ltd.",14120478720,financial-services,insurance-reinsurance,7.782544,0.021696681,6.1450915,-0.0153619405,0.057366114,0.22790001,0.0958,0.1886,0.0235,,
EIX,Edison International,20737626112,utilities,utilities-regulated-electric,5.5614038,0.06431227,8.28799,-0.1627437,-0.20962013,-0.0654,0.0622,-0.21200001,-0.2716,,
EL,"Estee Lauder Companies, Inc. (T",33322827776,consumer-defensive,household-personal-products,183.94,0.015522785,23.5129,-0.019043174,-0.0015583708,0.3241,0.1769,0.5799,0.3566,,
ELV,"Elevance Health, Inc.",83804798976,healthcare,healthcare-plans,17.09111,0.017973643,13.081779,-0.027160894,0.056397043,-0.1031,0.0874,-0.22700001,-0.2702,,
EME,"EMCOR Group, Inc.",34697289728,industrials,engineering-construction,24.51262,0.0008452205,21.404942,0.019033374,0.017987946,0.2698,0.1187,0.2678,0.20040001,,
EMR,Emerson Electric Company,90146062336,industrials,specialty-industrial-machinery,35.363235,0.013829854,22.232431,0.04502923,0.11744249,0.0935,0.1079,0.1353,0.1144,,
EOG,"EOG Resources, Inc.",74157940736,energy,oil-gas-e-p,11.002335,0.028872691,9.221128,-0.02052613,0.07094019,0.71510005,-0.1201,0.5653,0.959,,
EPAM,"EPAM Systems, Inc.",5586354176,technology,information-technology-services,14.693352,0.0,7.702934,-0.0056124125,-0.17042863,0.1436,0.069,0.105299994,0.0775,,
EQIX,"Equinix, Inc.",101209522176,real-estate,reit-specialty,65.79346,0.019460058,55.086998,-0.017347371,0.038688872,0.2193,0.0417,0.0388,0.1112,,
EQR,Equity Residential,24611481600,real-estate,reit-residential,28.675674,0.04229195,41.35888,0.0,0.0,0.0123000005,0.2038,-0.0023999999,0.32849997,,
EQT,EQT Corporation,31382138880,energy,oil-gas-e-p,11.640371,0.013036534,13.30254,-0.050120067,-0.09607757,0.3009,-0.0346,-0.22950001,-0.1154,,
ERIE,Erie Indemnity Company,11560766464,financial-services,insurance-brokers,20.080835,0.025901578,15.78087,-0.09915231,-0.112031125,0.0369,,-0.0224,0.0683,,
ES,Eversource Energy (D/B/A),24295522304,utilities,utilities-regulated-electric,16.753246,0.047893018,13.119168,-0.078113146,-0.080427006,-0.0229,0.0571,-0.1305,-0.0934,,
ESS,"Essex Property Trust, Inc.",18518820864,real-estate,reit-residential,41.845795,0.03829171,42.64529,-0.043336064,0.0009031083,-0.0456,0.1461,-0.0796,0.19319999,,
ETN,"Eaton Corporation, PLC",169385115648,industrials,specialty-industrial-machinery,44.455654,0.009787779,26.888998,0.033608872,0.120771416,0.1244,0.19510001,0.1504,0.2218,,
ETR,Entergy Corporation,48212525056,utilities,utilities-regulated-electric,25.808184,0.025099602,19.769218,-0.044228185,-0.050247606,0.125,0.1604,0.0651,0.78480005,,
EVRG,"Evergy, Inc.",18254002176,utilities,utilities-regulated-electric,20.145037,0.03494098,17.34271,-0.030615795,-0.023662401,0.1121,0.0718,0.0706,0.3291,,
EW,Edwards Lifesciences Corporatio,49080459264,healthcare,medical-devices,50.684525,0.0,25.213642,-0.037644275,0.0002467282,0.1717,0.1259,0.099700004,0.218,,
EXC,Exelon Corporation,41962242048,utilities,utilities-regulated-electric,14.974264,0.040523842,13.405522,-0.071858615,-0.10764752,0.0313,0.0636,-0.059499998,0.4253,,
EXE,Expand Energy Corporation,19798204416,energy,oil-gas-e-p,7.372413,0.037110284,9.989545,-0.08067631,-0.13096039,0.43080002,-0.0191,0.3677,0.0761,,
EXPD,Expeditors International of Was,25019295744,industrials,integrated-freight-logistics,28.016012,0.008415895,24.055593,0.041063774,0.18283594,0.3127,0.0385,0.3305,0.2842,,
EXPE,"Expedia Group, Inc.",31805851648,consumer-cyclical,travel-services,16.666668,0.006700422,10.811216,-0.11080445,0.018928787,0.32529998,0.16610001,0.1703,0.2083,,
EXR,Extra Space Storage Inc,29408614400,real-estate,reit-industrial,29.41501,0.048692517,27.69188,-0.0634664,-0.059971,0.016,0.0404,0.5255,-0.1365,,
F,Ford Motor Company,48249909248,consumer-cyclical,auto-manufacturers,0.0,0.048899755,6.18543,-0.1223871,-0.10329186,0.70699996,0.0513,-0.078600004,1.8628,,
FANG,"Diamondback Energy, Inc.",51722452992,energy,oil-gas-e-p,35.3174,0.022909816,9.863131,-0.065425694,0.00043736032,0.56880003,-0.1062,0.6233,1.9036,,
FAST,Fastenal Company,58235502592,industrials,industrial-distribution,43.37607,0.01831757,36.177902,0.01735213,0.09775535,0.15810001,0.1073,0.1588,0.1617,,
FCX,"Freeport-McMoRan, Inc.",103450705920,basic-materials,copper,35.31373,0.008660508,17.248646,0.021328269,0.13248096,0.7264,0.3668,0.52599996,1.1872001,,
FDS,FactSet Research Systems Inc.,9460434944,financial-services,financial-data-stock-exchanges,18.244171,0.0,12.24653,-0.05876621,0.067889675,0.089700006,0.344,0.2342,0.1015,,
FDX,FedEx Corporation,68719624192,industrials,integrated-freight-logistics,15.65283,0.019402932,13.889806,-0.073366694,-0.02902679,-0.0149,0.1666,,,,
FE,FirstEnergy Corp.,25078255616,utilities,utilities-regulated-electric,23.17647,0.04148421,14.694514,-0.06498504,-0.08623139,0.0719,0.079,0.12020001,0.1096,,
FFIV,"F5, Inc.",25711007744,technology,software-infrastructure,36.207336,0.0,25.117334,0.10362091,0.31577668,0.0962,0.043,-0.0307,-0.0198,,
FICO,Fair Isaac Corporation,14281437184,technology,software-application,19.155561,0.0,12.87043,-0.3570284,-0.45739427,0.4383,0.19549999,0.42259997,0.4179,,
FIS,Fidelity National Information S,16729499648,technology,information-technology-services,5.084639,0.05075529,4.8434534,-0.187216,-0.30660132,0.0771,0.08140001,0.061300002,0.0456,,
FISV,"Fiserv, Inc.",23589171200,,,8.498085,0.0,5.5283804,-0.12980364,-0.21835351,-0.16139999,0.1075,-0.159,-0.0437,,
FITB,Fifth Third Bancorp,46133620736,financial-services,banks-regional,17.127945,0.031739734,10.271248,0.0,0.0,-0.1305,0.5941,-0.0798,0.1514,,
FIX,"Comfort Systems USA, Inc.",60816150528,industrials,engineering-construction,42.551342,0.0015427611,28.71475,0.042930856,0.11059629,0.6969,0.22799999,0.5525,0.4022,,
FOX,Fox Corporation,23567339520,communication-services,entertainment,14.5546875,0.01019665,9.728459,-0.02676782,-0.0146280825,0.0,0.0,0.0,0.0,,
FOXA,Fox Corporation,26261833728,communication-services,entertainment,16.21875,0.009138381,10.650615,-0.031716432,-0.013773608,0.094,-0.0138,0.3415,0.2681,,
FRT,Federal Realty Investment Trust,9326662656,real-estate,reit-retail,21.553537,0.04184023,33.63525,-0.08406917,-0.05147705,-0.1022,-0.25620002,0.0423,-0.507,,
FSLR,"First Solar, Inc.",18765299712,technology,solar,10.765105,0.0,7.521657,-0.15856524,-0.22130021,0.2292,0.32580003,0.0912,0.168,,
FTNT,"Fortinet, Inc.",132765483008,technology,software-infrastructure,64.166664,0.0,47.89863,0.10574045,0.5260422,0.25,0.095,0.1584,0.0809,,
FTV,Fortive Corporation,17356920832,technology,scientific-technical-instruments,30.407408,0.002148997,17.679813,-0.016103199,-0.013962663,0.1121,0.078600004,0.0377,-0.0305,,
GD,General Dynamics Corporation,89308217344,industrials,aerospace-defense,20.115173,0.018574176,17.753187,-0.10667942,-0.07072734,0.0999,0.095699996,0.0678,0.081499994,,
GDDY,GoDaddy Inc.,12311422976,technology,software-infrastructure,14.444279,0.0,8.815234,0.0056546773,0.040581718,0.18959999,0.2446,0.2536,0.16139999,,
GE,GE Aerospace,321187840000,industrials,aerospace-defense,36.50472,0.00531387,34.11351,-0.09412485,-0.044111792,0.24159999,0.12550001,0.19540001,0.0085,,
GEHC,GE HealthCare Technologies Inc.,29038909440,healthcare,medical-devices,14.813364,0.0021881838,11.878696,-0.06443594,-0.09803228,0.0732,0.0987,0.1254,0.1073,,
GEN,Gen Digital Inc.,13162928128,technology,software-infrastructure,12.859649,0.02247191,6.6453114,-0.214497,-0.10611027,0.1424,0.13149999,0.1594,0.1402,,
GEV,GE Vernova Inc.,263324024832,industrials,specialty-industrial-machinery,28.329512,0.0017722417,39.27346,0.024515405,0.077600114,0.72870004,-0.1898,1.4842,-0.5196,,
GILD,"Gilead Sciences, Inc.",179471122432,healthcare,drug-manufacturers-general,0.0,0.021830508,14.636303,0.010788069,0.05883437,-1.0523,24.1992,-0.1305,0.177,,
GIS,"General Mills, Inc.",17115334656,consumer-defensive,packaged-foods,0.0,0.077044524,10.151205,-0.13933112,-0.17507975,-0.13270001,0.0242,-0.1387,0.08229999,,
GL,Globe Life Inc.,12732416000,financial-services,insurance-life,11.015957,0.0072363266,10.030124,-0.050937157,0.052671973,0.081999995,0.0514,0.018099999,0.114700004,,
GLW,Corning Incorporated,141431357440,technology,electronic-components,75.66359,0.006981673,37.707382,0.073514774,0.09091204,0.3025,0.3266,0.3038,0.28,,
GM,General Motors Company,70791413760,consumer-cyclical,auto-manufacturers,34.941963,0.008321776,5.20469,-0.083708405,-0.029811598,0.2745,0.11399999,0.2846,0.124,,
GNRC,Generac Holdlings Inc.,12805061632,industrials,specialty-industrial-machinery,47.85872,0.0,17.113934,0.079668395,0.019822588,0.5306,0.3055,0.32900003,0.583,,
GOOG,Alphabet Inc.,4162458484736,communication-services,internet-content-information,17.068707,0.0025378438,22.582298,-0.004168218,0.00877731,0.0925,0.2762,0.055999998,0.2024,,
GOOGL,Alphabet Inc.,4200982642688,communication-services,internet-content-information,17.243977,0.0025130087,22.791302,-0.0025159076,0.01351904,0.90870005,-0.2755,0.0539,0.1878,,
GPC,Genuine Parts Company,17541275648,consumer-cyclical,auto-parts,508.96,0.033447888,15.304416,-0.03603867,0.061050817,0.05,0.0743,0.0308,0.1492,,
GPN,Global Payments Inc.,20740788224,industrials,specialty-business-services,37.14692,0.012454851,4.895589,-0.109627835,0.024841072,0.117,0.173,0.0991,0.1516,,
GRMN,Garmin Ltd.,54222422016,technology,scientific-technical-instruments,28.985567,0.014869362,25.251608,-0.023371534,0.14142348,0.183,0.0996,0.19770001,0.0224,,
GS,"Goldman Sachs Group, Inc. (The)",262799654912,financial-services,capital-markets,13.928394,0.018959038,12.35921,-0.1008399,-0.059548605,0.3397,0.0643,0.2016,0.0975,,
GWW,"W.W. Grainger, Inc.",60303339520,industrials,industrial-distribution,32.677387,0.0072326944,25.107897,-0.017067691,0.061121043,0.17629999,0.098000005,0.1415,0.18010001,,
HAL,Halliburton Company,26535202816,energy,oil-gas-equipment-services,16.675394,0.021329988,10.980033,-0.062601194,-0.101041794,-0.0305,0.23629999,0.0075,-0.069699995,,
HAS,"Hasbro, Inc.",12629121024,consumer-cyclical,leisure,16.017889,0.031118024,13.769982,-0.026684072,-0.009161982,0.1093,0.0581,0.103999995,0.0196,,
HBAN,Huntington Bancshares Incorpora,30972958720,financial-services,banks-regional,11.702291,0.04081633,8.633896,-0.08457942,-0.09404925,0.053600002,0.1503,-0.0514,0.0888,,
HCA,"HCA Healthcare, Inc.",92379029504,healthcare,medical-care-facilities,14.304056,0.0070856656,13.327474,0.024352683,-0.043200504,0.045300003,0.0857,-0.0432,0.0047999998,,
HD,"Home Depot, Inc. (The)",282196508672,consumer-cyclical,home-improvement-retail,19.765898,0.016391702,17.650768,-0.12317082,-0.16576946,0.0229,0.0664,0.025799999,0.0422,,
HIG,"The Hartford Insurance Group, I",34143416320,financial-services,insurance-diversified,8.681129,0.01845077,9.192712,-0.07526553,-0.07245658,-0.0424,0.067,-0.1674,-0.2038,,
HII,"Huntington Ingalls Industries, ",10581711872,industrials,aerospace-defense,16.003576,0.020012394,12.889037,-0.0875483,-0.2195552,0.2029,0.1254,0.2007,0.2701,,
HLT,Hilton Worldwide Holdings Inc.,71876730880,consumer-cyclical,lodging,46.964703,0.001902105,30.546032,0.005509226,0.010324539,0.115,0.15619999,0.1155,0.1461,,
HON,Honeywell International Inc.,67821993984,industrials,conglomerates,8.230385,0.04396632,21.708565,-0.0340473,-0.07139119,-0.5759,0.1883,-0.6163,-0.5343,,
HOOD,"Robinhood Markets, Inc.",101362540544,financial-services,capital-markets,50.106667,0.0,32.800144,0.0696821,0.19522193,0.0431,0.3384,-0.121300004,-0.0744,,
HPE,Hewlett Packard Enterprise Comp,92033138688,technology,communication-equipment,35.737114,0.008640446,14.7533245,0.24412303,0.87871164,0.97220004,0.2282,1.053,0.6016,,
HPQ,HP Inc.,28965525504,technology,computer-hardware,12.259542,0.03698289,10.235916,0.050297838,0.3594012,0.04,-0.032899998,-0.198,-0.131,,
HRL,Hormel Foods Corporation,11144603648,consumer-defensive,packaged-foods,32.66129,0.058517035,12.885532,-0.10681995,-0.12577978,0.0587,0.083500005,0.183,0.104899995,,
HSIC,"Henry Schein, Inc.",9459581952,healthcare,medical-distribution,24.746355,0.0,14.170402,-0.032294147,0.05752134,0.0817,0.1141,-0.0214,0.0726,,
HST,"Host Hotels & Resorts, Inc.",15673028608,real-estate,reit-hotel-motel,15.140939,0.03553976,21.371933,-0.016170392,0.05563855,0.24870001,-0.2315,-0.64559996,0.1367,,
HSY,The Hershey Company,32186281984,consumer-defensive,confectioners,21.883879,0.035430007,16.247885,-0.09095552,-0.16106312,0.3454,0.16139999,0.62880003,0.25,,
HUBB,Hubbell Inc,25122945024,industrials,electrical-equipment-parts,28.170616,0.011949119,20.716602,0.0074866563,-0.02849279,0.125,0.1204,0.1126,0.1185,,
HUM,Humana Inc.,46634385408,healthcare,healthcare-plans,36.916348,0.009323641,23.40598,0.0077696852,0.32433638,-0.4659,0.8124,-1.3097999,-0.98440003,,
HWM,Howmet Aerospace Inc.,92230803456,industrials,aerospace-defense,49.735485,0.0021017601,35.793274,-0.104243435,-0.0692609,0.4158,0.21049999,0.4413,0.3495,,
IBKR,"Interactive Brokers Group, Inc.",150446915584,financial-services,capital-markets,35.039684,0.0038223986,27.587715,-0.025874428,0.08633869,0.2345,0.1839,0.2066,0.1302,,
IBM,International Business Machines,209756798976,technology,information-technology-services,19.7551,0.029828917,16.933722,-0.039789394,-0.12861073,0.0622,0.068,0.0833,0.021,,
ICE,Intercontinental Exchange Inc.,84293378048,financial-services,financial-data-stock-exchanges,21.177713,0.013203935,17.07245,-0.033252582,-0.03132164,0.1684,0.083000004,0.1114,0.1432,,
IDXX,"IDEXX Laboratories, Inc.",40839344128,healthcare,diagnostics-research,36.403793,0.0,30.972288,-0.046720378,-0.11831148,0.1336,0.1288,0.089099996,0.090299994,,
IEX,IDEX Corporation,17175998464,industrials,specialty-industrial-machinery,33.095173,0.012569834,24.204641,0.013794337,0.10474188,0.1102,0.09060001,0.1015,0.0875,,
IFF,International Flavors & Fragran,21029459968,basic-materials,specialty-chemicals,0.0,0.019249277,20.810766,-0.018066097,0.079479635,-0.2175,0.2054,-0.23200001,-0.158,,
INCY,Incyte Corporation,23371051008,healthcare,biotechnology,14.687899,0.0,12.976227,-0.06734222,0.07902678,-0.5047,1.6075,-2.5707998,0.0735,,
INTC,Intel Corporation,630790946816,technology,semiconductors,0.0,0.0,57.86876,0.18295154,0.46996325,2.6197,0.35639998,0.6985,1.8726,,
INTU,Intuit Inc.,75114692608,technology,software-application,17.066181,0.016974326,10.3813715,-0.13078763,-0.2860836,-0.0134000005,0.1308,-0.20979999,-0.0414,,
INVH,Invitation Homes Inc.,15379829760,real-estate,reit-residential,24.11111,0.04507576,36.630142,-0.09478349,-0.06498428,0.2769,-0.1066,-0.0933,0.0529,,
IP,International Paper Company,16930349056,consumer-cyclical,packaging-containers,0.0,0.05688807,10.587109,-0.16462858,-0.15899517,7.6140995,1.2872,1.702,11.214499,,
IQV,"IQVIA Holdings, Inc.",42501365760,healthcare,diagnostics-research,32.155666,0.0,17.84215,0.017394314,0.25446507,0.0877,0.1162,0.0907,0.067600004,,
IR,Ingersoll Rand Inc.,29515116544,industrials,specialty-industrial-machinery,31.433884,0.0015946843,19.408434,-0.039554123,-0.06734676,0.0639,0.103,0.048,0.063200004,,
IRM,Iron Mountain Incorporated (Del,33756522496,real-estate,reit-specialty,80.41844,0.030387836,41.53936,-0.047293365,0.009968288,0.1676,0.1028,0.1295,0.1033,,
ISRG,"Intuitive Surgical, Inc.",140427083776,healthcare,medical-instruments-supplies,45.051727,0.0,32.416138,0.031342626,-0.12357707,0.20709999,0.121700004,0.0998,0.1241,,
IT,"Gartner, Inc.",11669931008,technology,information-technology-services,16.618706,0.0,11.296748,0.013988475,0.06766682,0.0996,0.1297,0.0324,0.0023999999,,
ITW,Illinois Tool Works Inc.,74879623168,industrials,specialty-industrial-machinery,23.815218,0.024689466,21.223286,-0.056831114,-0.021484746,0.0921,0.082200006,0.0585,0.0964,,
IVZ,Invesco Ltd,13536382976,financial-services,asset-management,0.0,0.027942143,9.372593,-0.023473565,0.10199969,0.38459998,0.16389999,0.20969999,0.2776,,
J,Jacobs Solutions Inc.,16158350336,industrials,engineering-construction,45.867107,0.00972888,16.700172,-0.036009617,0.037175614,0.1875,0.1376,0.2152,0.19870001,,
JBHT,"J.B. Hunt Transport Services, I",21994876928,industrials,integrated-freight-logistics,33.361824,0.007834507,23.422762,-0.10170803,-0.037896708,0.1917,0.3695,0.0162,0.09689999,,
JBL,Jabil Inc.,31898236928,technology,electronic-components,31.253595,0.0010674138,13.7319,-0.039281473,0.009129597,0.3515,1.0318,0.2387,0.42970002,,
JCI,Johnson Controls International ,94641045504,industrials,building-products-equipment,44.01127,0.010542268,25.728683,0.07022796,0.13519785,0.3484,0.2036,0.254,0.2688,,
JKHY,"Jack Henry & Associates, Inc.",9993850880,technology,information-technology-services,20.628075,0.016546164,18.034248,-0.09429176,-0.095886886,0.0945,0.090500005,0.0777,0.0638,,
JNJ,Johnson & Johnson,617006301184,healthcare,drug-manufacturers-general,29.667439,0.020258253,21.093262,-0.03748485,0.05925749,0.026600001,0.0925,-0.1137,0.2008,,
JPM,JP Morgan Chase & Co.,883527974912,financial-services,banks-diversified,14.246893,0.018008284,13.286049,-0.056373388,0.03298322,0.2188,0.040900003,0.16510001,0.28079998,,
KDP,Keurig Dr Pepper Inc.,41328287744,consumer-defensive,beverages-non-alcoholic,30.676767,0.029977191,11.98179,-0.028079119,0.032061215,0.118599996,0.105399996,0.1516,0.16700001,,
KEY,KeyCorp,21427941376,financial-services,banks-regional,11.74269,0.040897757,9.408677,-0.07960834,-0.07072102,0.2226,0.16370001,0.125,0.19700001,,
KEYS,Keysight Technologies Inc.,65482944512,technology,scientific-technical-instruments,52.048717,0.0,27.728659,0.15125148,0.2714078,0.6025,0.20899999,0.76989996,0.493,,
KHC,The Kraft Heinz Company,26313428992,consumer-defensive,packaged-foods,0.0,0.07123776,10.629584,-0.11212299,-0.07325233,-0.21180001,0.0187,-0.306,-0.2719,,
KIM,Kimco Realty Corporation (HC),14918355968,real-estate,reit-retail,25.860464,0.046375506,24.711111,-0.06761473,-0.04430815,0.1361,0.0672,0.091000006,0.1022,,
KKR,KKR & Co. Inc.,83390988288,financial-services,asset-management,28.846645,0.00832968,12.192783,-0.1261604,-0.123163976,0.2989,0.1707,0.1377,0.52889997,,
KLAC,KLA Corporation,269992787968,technology,semiconductor-equipment-materials,56.52732,0.003993411,30.854282,0.105070665,0.16354127,0.45069999,0.2293,0.3377,0.5374,,
KMB,Kimberly-Clark Corporation,31382159360,consumer-defensive,household-personal-products,18.648222,0.053847786,12.613691,-0.10312024,-0.08041451,-0.02,0.0117999995,-0.1201,-0.108100004,,
KMI,"Kinder Morgan, Inc.",69186740224,energy,oil-gas-midstream,20.045162,0.038650505,20.11602,-0.012823467,-0.012390448,0.2035,-0.0128,0.1304,-0.006,,
KO,Coca-Cola Company (The),368513318912,consumer-defensive,beverages-non-alcoholic,25.720722,0.024157956,24.288364,-0.02602055,0.07046781,0.1005,0.0681,0.0719,0.0269,,
KR,Kroger Company (The),34862448640,consumer-defensive,grocery-stores,31.908108,0.02420982,10.712801,0.01473542,-0.07054666,0.069299996,0.0625,0.1041,0.0586,,
KVUE,Kenvue Inc.,33037305856,consumer-defensive,household-personal-products,20.235294,0.04819977,13.873095,-0.07724323,-0.046259172,0.0947,0.048600003,0.0519,-0.012999999,,
L,Loews Corporation,21675470848,financial-services,insurance-property-casualty,13.009816,0.002379819,36.56207,-0.042907175,-0.027158039,0.0,0.0,0.0,0.0,,
LDOS,"Leidos Holdings, Inc.",14775452672,technology,information-technology-services,10.9934635,0.013855866,9.234292,-0.09763673,-0.20033117,0.0341,0.028299998,-0.00029999999,0.0813,,
LEN,Lennar Corporation,19225839616,consumer-cyclical,residential-construction,15.557504,0.024357568,15.212132,-0.0466897,-0.15336096,-0.3866,0.0612,-0.2888,-0.2656,,
LH,Labcorp Holdings Inc.,25018537984,healthcare,diagnostics-research,25.182856,0.009455023,15.545655,-0.03401207,0.100383095,0.116000004,0.081199996,0.1125,0.0936,,
LHX,"L3Harris Technologies, Inc.",44058382336,industrials,aerospace-defense,23.923155,0.020553691,17.475016,-0.107650615,-0.2382555,0.127,0.120900005,0.133,0.1187,,
LII,"Lennox International, Inc.",12313968640,industrials,building-products-equipment,15.821491,0.014592466,13.663475,-0.11385707,-0.26767403,0.0189,0.105100006,0.0732,0.132,,
LIN,Linde plc,221030776832,basic-materials,specialty-chemicals,30.954165,0.013206944,24.50629,-0.0022320165,-0.01387582,0.0861,0.1093,0.0729,0.319,,
LITE,Lumentum Holdings Inc.,97362173952,technology,communication-equipment,0.0,0.0,31.25594,0.23479925,0.45610306,1.5078,0.6018,2.8278,2.0093,,
LLY,Eli Lilly and Company,1019126611968,healthcare,drug-manufacturers-general,38.3121,0.0056181243,24.139105,-0.028840719,0.06428987,0.5262,0.288,0.4182,0.3345,,
LMT,Lockheed Martin Corporation,116643954688,industrials,aerospace-defense,18.62233,0.027002966,15.43042,-0.09123731,-0.10211053,0.4184,0.0747,0.072,0.45330003,,
LNT,Alliant Energy Corporation,16679785472,utilities,utilities-regulated-electric,20.357595,0.03272642,17.446701,-0.055592697,-0.08489705,0.0634,0.076799996,0.0934,0.3455,,
LOW,"Lowe's Companies, Inc.",101438570496,consumer-cyclical,home-improvement-retail,15.296109,0.026592826,13.883332,-0.11831711,-0.21936238,0.0026,0.057800002,-0.060399998,-0.0037,,
LRCX,Lam Research Corporation,434857443328,technology,semiconductor-equipment-materials,59.197613,0.0030579239,29.599966,0.13540341,0.2632949,0.6268,0.2399,0.7285,0.8164,,
LULU,lululemon athletica inc.,10457668608,consumer-cyclical,apparel-retail,7.7744856,0.0,10.925018,-0.15611438,-0.34834883,-0.2738,-0.103199996,-0.5999,-0.19489999,,
LUV,Southwest Airlines Company,20776673280,industrials,airlines,26.54375,0.017208414,9.226973,0.0058832834,-0.02407635,2.3116,0.4945,4.3272,1.0016,,
LVS,Las Vegas Sands Corp.,23466213376,consumer-cyclical,resorts-casinos,14.042636,0.03134369,10.319586,-0.1740869,-0.29948848,0.026800001,0.1359,-0.0424,0.0042,,
LYB,LyondellBasell Industries NV,18923563008,basic-materials,specialty-chemicals,0.0,0.07130495,9.420036,-0.059982654,-0.055693578,4.3587,-0.3174,1.5623,7.5540004,,
LYV,"Live Nation Entertainment, Inc.",39316578304,communication-services,entertainment,0.0,0.0,86.49992,-0.047780775,0.030368667,-0.9018,5.2746997,1.0944,-0.1368,,
MA,Mastercard Incorporated,483785244672,financial-services,credit-services,30.394056,0.0061272727,23.985432,-0.032314617,0.037756026,0.1717,0.15529999,0.1761,0.0862,,
MAA,Mid-America Apartment Communiti,13712956416,real-estate,reit-residential,33.704678,0.052328583,35.1479,-0.09791823,-0.12045266,-0.0117,-0.1595,-0.0719,0.8139,,
MAR,Marriott International,93604667392,consumer-cyclical,lodging,37.15942,0.0077228784,27.281406,0.020075869,0.027426604,0.1711,0.121300004,0.145,0.173,,
MAS,Masco Corporation,13479732224,industrials,building-products-equipment,15.751152,0.018453427,14.683455,-0.05298881,-0.025130406,0.1442,0.0274,0.0647,0.0207,,
MCD,McDonald's Corporation,164095000576,consumer-cyclical,restaurants,18.83753,0.031704266,16.775675,-0.105524145,-0.19986518,0.056700002,0.0722,0.0507,0.0545,,
MCHP,Microchip Technology Incorporat,44157468672,technology,semiconductors,119.588234,0.023184715,17.741707,0.072894014,0.030808866,1.2232,0.2571,1.6687,1.1368,,
MCK,McKesson Corporation,105197150208,healthcare,medical-distribution,24.209284,0.003649229,17.89724,0.02755643,0.064736426,0.1418,0.129,0.091400005,0.18,,
MCO,Moody's Corporation,76435161088,financial-services,financial-data-stock-exchanges,28.005075,0.008807225,23.322578,-0.0823598,-0.06342569,0.13520001,0.1161,0.08229999,0.0038,,
MDLZ,"Mondelez International, Inc.",74268368896,consumer-defensive,confectioners,21.315018,0.03462604,17.304033,-0.060287584,-0.02365609,0.0437,0.1034,-0.0221,0.3033,,
MDT,Medtronic plc.,110491926528,healthcare,medical-devices,21.275862,0.032970846,13.480677,-0.039379016,-0.025579445,0.080299996,0.0726,-0.0212,0.0469,,
MET,"MetLife, Inc.",60008087552,financial-services,insurance-life,18.090038,0.024324326,8.489975,-0.020777002,0.12758166,0.1441,0.100600004,0.127,0.05,,
META,"Meta Platforms, Inc.",1854788337664,communication-services,internet-content-information,27.402334,0.002892841,20.858347,0.1648542,0.15865725,0.32689998,0.093,5.0363,-0.0694,,
MGM,MGM Resorts International,7798345216,consumer-cyclical,resorts-casinos,18.472727,0.0,14.752789,-0.25630963,-0.23318827,-0.45810002,0.1011,-0.21040002,-0.7157,,
MKC,"McCormick & Company, Incorporat",12019109888,consumer-defensive,packaged-foods,7.432612,0.042818304,13.8967085,-0.13567589,-0.19523595,0.030199999,0.0401,-0.0942,-0.2558,,
MLM,"Martin Marietta Materials, Inc.",34250518528,basic-materials,building-materials,31.356956,0.006928647,21.812075,-0.07570066,-0.18184716,-0.0766,0.2757,-0.12189999,-0.0121,,
MMM,3M Company,83490308096,industrials,conglomerates,28.754885,0.018525334,16.469593,-0.066239424,0.007836899,0.1095,0.0992,0.0913,0.1004,,
MNST,Monster Beverage Corporation,84121681920,consumer-defensive,beverages-non-alcoholic,39.75926,0.0,32.799656,-0.055935927,0.012808678,0.1866,0.1373,0.1233,0.1976,,
MO,"Altria Group, Inc.",112457244672,consumer-defensive,tobacco,14.178947,0.063330844,11.485275,-0.0157941,-0.000198993,0.047399998,0.032899998,0.0398,0.0545,,
MOS,Mosaic Company (The),6698061312,basic-materials,agricultural-inputs,0.0,0.04083527,13.332152,-0.10547498,-0.13974372,-0.81839997,2.8339999,-0.95199996,-0.0883,,
MPC,Marathon Petroleum Corporation,118600720384,energy,oil-gas-refining-marketing,14.638821,0.00952041,8.515075,0.15564433,0.61366576,4.3657002,-0.1361,6.6840997,3.0142999,,
MPWR,"Monolithic Power Systems, Inc.",70752649216,technology,semiconductors,87.73492,0.005231563,41.28767,0.10363613,0.12188776,0.5437,0.2712,0.62810004,0.6863,,
MRK,"Merck & Company, Inc.",356012851200,healthcare,drug-manufacturers-general,114.52381,0.023086017,15.207964,0.014133219,0.17454012,-0.6955,2.4701,-0.1528,-0.0398,,
MRNA,"Moderna, Inc.",75858812928,healthcare,biotechnology,0.0,0.0,-42.691776,0.53687745,1.7785019,-0.15529999,0.42880002,-1.4996,0.1721,,
MRSH,Marsh,81154547712,financial-services,insurance-brokers,20.969175,0.021472214,14.886452,-0.07504507,-0.04002934,0.0718,0.0932,0.0655,0.0512,,
MS,Morgan Stanley,298894458880,financial-services,capital-markets,15.359967,0.022073295,13.976374,-0.09133969,-0.018401824,0.2597,0.060599998,0.0958,0.0956,,
MSCI,MSCI Inc.,38963564544,financial-services,financial-data-stock-exchanges,29.318928,0.014118337,23.828451,-0.043892924,-0.064316906,0.1418,0.1399,0.1229,0.1088,,
MSFT,Microsoft Corporation,3842942959616,technology,software-infrastructure,28.815704,0.007098284,21.885357,0.06111203,0.19568625,0.1428,0.1974,0.1432,0.165,,
MSI,"Motorola Solutions, Inc.",74043580416,technology,communication-equipment,35.201416,0.010535008,23.025957,-0.02996716,0.038112037,0.1524,0.0963,0.0925,0.1974,,
MTB,M&T Bank Corporation,31647377408,financial-services,banks-regional,11.600847,0.027605245,10.399419,-0.081706114,-0.021308023,0.1357,0.091400005,0.0195,0.0619,,
MTD,"Mettler-Toledo International, I",29778132992,healthcare,diagnostics-research,33.55588,0.0,28.7286,0.055176765,0.12709345,0.1078,0.0928,0.084,0.11399999,,
MU,"Micron Technology, Inc.",1213973397504,technology,semiconductors,14.451332,0.000514858,5.219066,0.1243081,0.5769769,1.3878,0.1674,11.6108,7.8117,,
NCLH,Norwegian Cruise Line Holdings ,6952103936,consumer-cyclical,travel-services,9.175758,0.0,9.123395,-0.09778915,-0.22121145,-0.2712,0.0791,-0.2402,-1.3264,,
NDAQ,"Nasdaq, Inc.",50492424192,financial-services,financial-data-stock-exchanges,26.335278,0.012217738,19.310814,-0.04837858,-0.0036069565,0.1871,0.13229999,0.1634,0.1268,,
NDSN,Nordson Corporation,18577967104,industrials,specialty-industrial-machinery,33.793316,0.009968999,25.690796,0.05743584,0.16151597,0.1666,0.0868,0.14029999,0.098500006,,
NEE,"NextEra Energy, Inc.",160265715712,utilities,utilities-regulated-electric,17.26517,0.031159135,17.501219,-0.0750572,-0.121030204,0.0911,0.0844,0.0431,0.1523,,
NEM,Newmont Corporation,121764675584,basic-materials,gold,14.57251,0.008982297,11.294488,-0.01930667,0.036400903,0.333,0.11399999,0.118599996,-0.12189999,,
NFLX,"Netflix, Inc.",279233789952,communication-services,entertainment,21.088049,0.0,17.579916,-0.11254742,-0.20233569,0.4165,0.062800005,0.4018,0.30040002,,
NI,NiSource Inc,18909054976,utilities,utilities-regulated-gas,20.973404,0.014683544,17.516037,-0.054073457,-0.12076003,0.0793,0.09770001,0.1322,0.21620001,,
NKE,"Nike, Inc.",50246103040,consumer-cyclical,footwear-accessories,16.128572,0.046657182,19.054852,-0.1303701,-0.3047452,-0.3784,0.32919997,-0.1084,0.1149,,
NOC,Northrop Grumman Corporation,67906125824,industrials,aerospace-defense,15.198728,0.019502074,15.69621,-0.11172622,-0.20110358,0.101,0.050100002,-0.065,0.1079,,
NOW,"ServiceNow, Inc.",138930388992,technology,software-application,86.14103,0.0,26.846416,0.0401782,0.16081585,0.1586,0.2308,0.0638,0.2722,,
NRG,"NRG Energy, Inc.",20018343936,utilities,utilities-independent-power-producers,24.79948,0.019240689,8.5109005,-0.1662245,-0.32392788,0.0719,0.26680002,0.031600002,1.5685,,
NSC,Norfolk Southern Corporation,71299678208,industrials,railroads,27.460207,0.017404757,22.2179,-0.041695148,0.019334268,0.0352,0.10569999,0.0789,-0.0031,,
NTAP,"NetApp, Inc.",44443729920,technology,software-infrastructure,31.95904,0.009672169,20.346302,0.17647249,0.6306597,0.2307,0.111499995,0.2681,0.1163,,
NTRS,Northern Trust Corporation,31358597120,financial-services,asset-management,14.725085,0.01891253,13.3820305,-0.060305998,0.052845526,0.4403,0.0046,0.235,0.2085,,
NUE,Nucor Corporation,54538645504,basic-materials,steel,19.200478,0.009449953,12.106522,-0.06026072,0.11986451,1.4311999,0.059299998,1.2136,2.0029,,
NVDA,NVIDIA Corporation,5649190617088,technology,semiconductors,29.576487,0.0012128563,14.905945,0.07179736,0.16558535,0.9512,0.6863,0.90260005,0.69269997,,
NVR,"NVR, Inc.",16052447232,consumer-cyclical,residential-construction,15.576129,0.0,15.174452,-0.046148494,-0.104080446,-0.1775,0.1001,-0.0787,-0.127,,
NWS,News Corporation,17067616256,communication-services,entertainment,30.728155,0.0063593006,20.936417,-0.04045555,0.04881544,0.1183,0.1456,0.18129998,0.1769,,
NWSA,News Corporation,15471404032,communication-services,entertainment,27.85437,0.0069832406,18.978384,-0.0222007,0.080220185,0.1183,0.1456,0.18129998,0.1769,,
NXPI,NXP Semiconductors N.V.,61442322432,technology,semiconductors,20.790102,0.01695723,13.465517,0.047354024,-0.008315899,0.2751,0.2042,0.3197,0.289,,
O,Realty Income Corporation,51218784256,real-estate,reit-retail,39.51095,0.060433403,34.85467,-0.1069661,-0.12439835,0.2924,-0.0427,0.216,0.2872,,
ODFL,"Old Dominion Freight Line, Inc.",37534113792,industrials,trucking,34.70769,0.006400898,26.97649,-0.08189027,-0.09669742,0.2002,0.1398,0.24309999,0.3026,,
OKE,"ONEOK, Inc.",55400361984,energy,oil-gas-midstream,15.177893,0.048646163,14.090672,-0.046819564,0.013106451,0.0639,0.0696,0.033299997,-0.0319,,
OMC,Omnicom Group Inc.,20342753280,communication-services,advertising-agencies,200.40541,0.04149933,6.3610888,-0.09391951,-0.0530883,0.2227,0.1022,0.19229999,0.2618,,
ON,ON Semiconductor Corporation,33049257984,technology,semiconductors,56.218544,0.0,18.74448,0.107570946,0.05512525,0.3625,0.4145,0.38990003,0.49330002,,
ORCL,Oracle Corporation,431382593536,technology,software-infrastructure,22.304075,0.014485405,12.939669,-0.008997662,-0.12639628,0.067,0.3508,-0.1627,0.1297,,
ORLY,"O'Reilly Automotive, Inc.",68680769536,consumer-cyclical,auto-parts,26.952381,0.0,23.25505,-0.039375376,-0.06654108,0.1042,0.1122,0.0885,0.0921,,
OTIS,Otis Worldwide Corporation,24381872128,industrials,specialty-industrial-machinery,16.465296,0.026364764,14.125603,-0.09035125,-0.1796381,-0.0021,0.122,-0.0378,0.1042,,
OXY,Occidental Petroleum Corporatio,58058940416,energy,oil-gas-e-p,17.132744,0.017289074,14.452435,-0.0051966505,0.07513551,1.8211,-0.3446,1.0976,3.9423,,
PANW,"Palo Alto Networks, Inc.",329850322944,technology,software-infrastructure,1008.1,0.0,82.6469,0.1143511,0.6107687,0.090900004,0.4025,0.0446,-0.2936,,
PAYX,"Paychex, Inc.",35220709376,technology,software-application,19.630953,0.045021817,15.487059,-0.15471871,-0.046898853,0.08180001,0.0718,0.0134000005,0.0943,,
PCAR,PACCAR Inc.,57731710976,industrials,farm-heavy-construction-machinery,23.090527,0.012188466,15.181463,-0.12027693,-0.09168229,0.32639998,0.20729999,0.42990002,0.65940005,,
PCG,Pacific Gas & Electric Co.,36989161472,utilities,utilities-regulated-electric,8.863309,0.0143796215,6.8382897,-0.20375375,-0.2546479,0.0983,0.0936,-0.1573,0.090900004,,
PEG,Public Service Enterprise Group,33927450624,utilities,utilities-regulated-electric,16.932837,0.038297243,14.568467,-0.06923765,-0.13698182,0.0791,0.0691,0.0423,0.113400005,,
PEP,"Pepsico, Inc.",171965743104,consumer-defensive,beverages-non-alcoholic,16.499344,0.045764334,14.10948,-0.081006356,-0.14510904,0.0508,0.0431,0.0028,0.0756,,
PFE,"Pfizer, Inc.",158450925568,healthcare,drug-manufacturers-general,36.578945,0.061166428,9.596663,0.017256757,0.053052202,-0.0761,-0.026300002,-0.1278,0.0729,,
PFG,Principal Financial Group Inc,23971155968,financial-services,asset-management,15.948718,0.028421242,10.750479,-0.015628984,0.10183025,0.156,0.08930001,0.1902,0.1494,,
PG,Procter & Gamble Company (The),336578478080,consumer-defensive,household-personal-products,21.889729,0.029586662,19.584867,-0.0056555253,-0.018528122,0.0128,0.060300004,-0.051799998,0.00029999999,,
PGR,Progressive Corporation (The),122063921152,financial-services,insurance-property-casualty,10.547141,0.0018960941,12.9524765,-0.01889528,0.0054443153,-0.007900001,-0.103,0.0379,-0.1155,,
PH,Parker-Hannifin Corporation,122650632192,industrials,specialty-industrial-machinery,34.12456,0.0076614073,24.673332,-0.015849847,0.0292564,0.0992,0.109799996,0.1276,0.1097,,
PHM,"PulteGroup, Inc.",22044985344,consumer-cyclical,residential-construction,11.821246,0.008594757,10.5492,-0.074085884,-0.071783744,-0.0922,0.0921,-0.1084,0.2534,,
PKG,Packaging Corporation of Americ,20362524672,consumer-cyclical,packaging-containers,29.68052,0.022854904,17.397871,-0.059342053,0.009123115,0.062800005,0.2561,0.0656,0.20729999,,
PLD,"Prologis, Inc.",125312303104,real-estate,reit-industrial,28.71047,0.03245436,38.673042,-0.070516974,-0.0653219,-0.033,-0.0072000003,-0.026099999,-0.4701,,
PLTR,Palantir Technologies Inc.,453577277440,technology,software-infrastructure,161.3248,0.0,80.51924,0.111759014,0.240923,1.1602,0.44689998,0.96989995,0.8552,,
PM,Philip Morris International Inc,292177674240,consumer-defensive,tobacco,25.714678,0.031514633,20.39653,-0.0132780485,0.05372096,0.114300005,0.0939,0.0458,0.14829999,,
PNC,"PNC Financial Services Group, I",88178524160,financial-services,banks-regional,12.1645565,0.030804077,10.301787,-0.086851366,-0.03094296,0.14060001,0.14029999,0.12529999,0.0484,,
PNR,Pentair plc.,8463587840,industrials,specialty-industrial-machinery,13.667525,0.01966717,10.273349,-0.13089229,-0.34556922,-0.0552,0.1105,-0.1331,0.026700001,,
PNW,Pinnacle West Capital Corporati,11625238528,utilities,utilities-regulated-electric,18.410748,0.038307093,17.182327,-0.020428883,-0.031677,-0.0651,0.19469999,-0.0525,-2.7076998,,
PODD,Insulet Corporation,9133254656,healthcare,medical-devices,24.707317,0.0,17.068882,-0.09326387,-0.31899315,0.3084,0.1864,0.2791,0.1886,,
POOL,Pool Corporation,5866123264,industrials,industrial-distribution,14.809175,0.031430885,13.663241,-0.11659602,-0.22646892,0.025,0.074200004,-0.0093,-0.056999996,,
PPG,"PPG Industries, Inc.",23374845952,basic-materials,specialty-chemicals,15.086083,0.027132893,12.150606,-0.053706937,-0.060971234,0.0416,0.096099995,0.0016,0.1265,,
PPL,PPL Corporation,24683470848,utilities,utilities-regulated-electric,19.408283,0.03403541,15.477904,-0.04771312,-0.09155873,0.0766,0.0875,0.0951,0.14220001,,
PRU,"Prudential Financial, Inc.",38847000576,financial-services,insurance-life,10.208523,0.048616637,7.5775213,-0.062472973,0.035810895,0.0038,0.025899999,-0.1877,0.00090000004,,
PSA,Public Storage,53030547456,real-estate,reit-industrial,27.106972,0.04225352,28.801678,-0.083087854,-0.052877672,-0.044899996,0.0082,-0.122700006,-0.087799996,,
PSKY,Paramount Skydance Corporation,10658484224,communication-services,entertainment,316.6667,0.021413276,11.231439,-0.040462237,-0.10026377,0.0292,0.5805,2.5778,0.5858,,
PSX,Phillips 66,106079379456,energy,oil-gas-refining-marketing,15.101597,0.018695833,10.092864,0.0994636,0.43780226,3.4717002,-0.089700006,3.2882998,2.2661,,
PTC,PTC Inc.,15628156928,technology,software-application,13.969932,0.0,16.129286,0.012375148,-0.007454958,0.0256,0.0884,-0.43310001,0.01,,
PWR,"Quanta Services, Inc.",101716328448,industrials,engineering-construction,77.49828,0.00064895867,34.21473,0.052129723,0.11707638,0.5574,0.18110001,0.4988,0.53180003,,
PYPL,"PayPal Holdings, Inc.",45168332800,financial-services,credit-services,10.038022,0.010554089,9.126548,-0.06560749,0.05064536,0.0153,0.0731,-0.019,0.0935,,
Q,"Qnity Electronics, Inc.",27506739200,technology,semiconductor-equipment-materials,46.95714,0.0017127288,24.447113,0.030525375,0.045993727,0.3687,0.173,0.2622,0.3195,,
QCOM,QUALCOMM Incorporated,197452333056,technology,semiconductors,21.152174,0.019715525,18.117386,0.078296185,0.09223208,-0.1285,-0.026700001,-0.2811,-0.3433,,
RCL,Royal Caribbean Cruises Ltd.,74282139648,consumer-cyclical,travel-services,17.155033,0.018519206,13.583104,-0.015412218,-0.031958096,0.14050001,0.1463,0.1058,0.3084,,
REG,Regency Centers Corporation,13386245120,real-estate,reit-retail,24.189188,0.0413649,28.444529,-0.057192583,-0.06176253,-0.124,0.0179,0.0385,-0.4399,,
REGN,"Regeneron Pharmaceuticals, Inc.",75692515328,healthcare,biotechnology,18.180021,0.0049536615,11.959699,-0.06327742,-0.0011464141,0.236,0.1537,0.3518,0.396,,
RF,Regions Financial Corporation,23087290368,financial-services,banks-regional,11.01626,0.039317507,9.521869,-0.095611535,-0.055647094,0.1329,0.078200005,0.0476,0.2048,,
RJF,"Raymond James Financial, Inc.",30392141824,financial-services,asset-management,13.793374,0.013269905,11.138867,-0.08282781,-0.016668303,0.1359,0.1729,0.0684,0.1709,,
RL,Ralph Lauren Corporation,21650399232,consumer-cyclical,apparel-manufacturing,22.882242,0.010307174,17.33035,0.0009845151,-0.005129052,0.1399,0.1087,0.1141,0.1058,,
RMD,ResMed Inc.,30784524288,healthcare,medical-instruments-supplies,21.006718,0.010852363,16.544825,-0.019591192,-0.030197503,0.081999995,0.0947,0.0465,0.0788,,
ROK,"Rockwell Automation, Inc.",50557321216,industrials,specialty-industrial-machinery,42.542133,0.012317775,30.468382,0.037806455,0.07206996,0.2567,0.1268,0.1047,0.1401,,
ROL,"Rollins, Inc.",14511345664,consumer-cyclical,personal-services,27.41818,0.02332352,23.38075,-0.14511989,-0.3924383,0.0432,0.103999995,-0.002,0.0708,,
ROP,"Roper Technologies, Inc.",35042557952,technology,software-application,14.769487,0.009829131,14.533808,-0.0934866,-0.040184524,0.1109,0.09729999,0.1263,0.13340001,,
ROST,"Ross Stores, Inc.",73311305728,consumer-cyclical,apparel-retail,27.634823,0.007261854,25.469854,-0.038807724,0.048969302,0.32770002,0.020599999,0.1601,0.1263,,
RSG,"Republic Services, Inc.",64169992192,industrials,waste-management,29.68272,0.012117687,26.000872,-0.033374313,-0.026084842,0.0365,0.107700005,0.014400001,0.018,,
RTX,RTX Corporation,248903958528,industrials,aerospace-defense,32.45694,0.014972164,23.504078,-0.10578629,-0.052498426,0.1517,0.0846,0.0397,0.17889999,,
RVTY,"Revvity, Inc.",16908687360,healthcare,diagnostics-research,72.85097,0.0018784383,25.715479,0.18552862,0.4260761,0.056900002,0.1019,0.0956,-0.0499,,
SATS,,0,,,0.0,0.0,0.0,0.0,0.0,0.0,0.0,0.0,0.0,,
SBAC,SBA Communications Corporation,16813905920,real-estate,reit-specialty,17.097088,0.029869635,19.364723,-0.11928465,-0.17132595,-0.2132,0.0614,-0.051599998,-0.4262,,
SBUX,Starbucks Corporation,107969396736,consumer-cyclical,restaurants,54.745663,0.026138281,30.329037,-0.07419538,-0.040935706,0.22049999,0.20040001,0.3439,0.3412,,
SCHW,Charles Schwab Corporation (The,167226753024,financial-services,capital-markets,17.613844,0.011995526,12.3540535,-0.09051409,-0.016633343,0.3312,0.2074,0.2733,0.28079998,,
SHW,Sherwin-Williams Company (The),77563658240,basic-materials,specialty-chemicals,29.50231,0.0099133365,23.492346,-0.05750261,-0.041214738,0.0585,0.122,0.028199999,0.063200004,,
SJM,The J.M. Smucker Company,12518608896,consumer-defensive,packaged-foods,54.00461,0.038119882,10.729937,-0.043459333,0.07879215,0.17729999,0.0029,0.2131,0.0673,,
SLB,SLB Limited,72337145856,energy,oil-gas-equipment-services,23.775612,0.023838881,15.186498,-0.07892448,-0.034651723,-0.1525,0.2924,-0.0987,0.0008,,
SMCI,"Super Micro Computer, Inc.",28702816256,technology,computer-hardware,13.40184,0.0,8.203278,0.1964552,0.36518013,0.19489999,0.22780001,1.963,0.5051,,
SNA,Snap-On Incorporated,19082135552,industrials,tools-accessories,18.821428,0.025726097,17.179825,-0.05454958,-0.027624046,0.033,0.0798,-0.0115,0.053200003,,
SNDK,Sandisk Corporation,251839234048,technology,computer-hardware,23.309256,0.0,6.5278344,0.11711756,0.5010567,2.0178,0.2318,36.8558,7.5143,,
SNPS,"Synopsys, Inc.",93882785792,technology,software-infrastructure,85.49738,0.0,26.362791,0.20189182,0.10114769,0.1726,0.2275,0.42270002,0.1876,,
SO,Southern Company (The),96308396032,utilities,utilities-regulated-electric,20.173494,0.03570145,17.005165,-0.06279245,-0.09163508,0.0672,0.0728,0.0311,-0.0149,,
SOLV,Solventum Corporation,14954153984,healthcare,medical-instruments-supplies,10.739608,0.0,12.150223,-0.0031250725,0.12706739,0.1693,0.012,-0.0971,0.14,,
SPG,"Simon Property Group, Inc.",76285337600,real-estate,reit-retail,14.181369,0.04382252,29.667828,-0.065244496,-0.014248179,-0.010299999,0.1578,0.0165,0.7596,,
SPGI,S&P Global Inc.,113872396288,financial-services,financial-data-stock-exchanges,23.52436,0.009944352,19.105837,-0.07403014,-0.08923117,0.0023,0.1313,-0.0647,-0.0512,,
SRE,DBA Sempra,51252707328,utilities,utilities-diversified,22.71884,0.033414476,14.148678,-0.06721572,-0.12953234,0.088999994,0.0847,-0.0378,0.1039,,
STE,STERIS plc (Ireland),20332673024,healthcare,medical-devices,25.525091,0.012037833,17.027689,-0.0689381,-0.0860636,0.098500006,0.0963,0.0841,0.1088,,
STLD,"Steel Dynamics, Inc.",33250684928,basic-materials,steel,21.051723,0.009108193,11.852262,-0.04482669,0.06972044,1.1403,0.1433,0.97290003,2.2596002,,
STT,State Street Corporation,48336523264,financial-services,asset-management,15.530451,0.019241782,11.482874,-0.054957017,0.13578054,0.3355,0.121400006,0.3189,0.2235,,
STX,Seagate Technology Holdings PLC,193054392320,technology,computer-hardware,60.99066,0.0031092358,15.332644,-0.0066993167,0.30471987,1.2966,0.5475,1.8155999,1.6946001,,
STZ,"Constellation Brands, Inc.",19278688256,consumer-defensive,beverages-brewers,10.749524,0.036197897,9.201926,-0.111483686,-0.21207048,-0.008,0.0462,-0.0223,-0.0776,,
SW,Smurfit WestRock plc,22313205760,consumer-cyclical,packaging-containers,45.25532,0.041078065,12.399513,-0.08885289,-0.016706007,0.4077,0.6399,0.045100003,1.6423,,
SWK,"Stanley Black & Decker, Inc.",13793859584,industrials,tools-accessories,22.332516,0.03705771,14.317219,-0.042105887,0.08979924,0.2002,0.1382,0.0946,0.2005,,
SWKS,"Skyworks Solutions, Inc.",12794700800,technology,semiconductors,44.056995,0.034151033,17.133991,0.1454999,0.29250064,-0.1499,-0.0155,-0.2766,-0.144,,
SYF,Synchrony Financial,23351865344,financial-services,credit-services,7.3610253,0.01678087,6.8657737,-0.06436668,-0.038775798,-0.001,0.1058,-0.1698,0.0507,,
SYK,Stryker Corporation,105647521792,healthcare,medical-devices,28.571575,0.0127491215,16.47423,-0.11498144,-0.16587123,0.099700004,0.1155,0.1189,0.14930001,,
SYY,Sysco Corporation,37161746432,consumer-defensive,food-distribution,21.230135,0.028101528,14.442969,-0.052747417,-0.029514162,0.0999,0.0581,0.0367,0.086899996,,
T,AT&T Inc.,166512967680,communication-services,telecom-services,8.019802,0.045679014,9.463686,-0.026699718,-0.033854898,0.1025,0.0986,0.1177,0.0055,,
TAP,Molson Coors Beverage Company,6872692224,consumer-defensive,beverages-brewers,0.0,0.051199134,7.5351977,-0.0827971,-0.14785989,-0.129,0.036199998,-0.1173,-0.1446,,
TDG,Transdigm Group Incorporated,60272414720,industrials,aerospace-defense,33.112057,0.0,22.56567,-0.07530249,-0.12591128,0.103599995,0.1729,0.12550001,0.1571,,
TDY,Teledyne Technologies Incorpora,28609329152,technology,scientific-technical-instruments,29.84381,0.0,23.045885,-0.026263794,-0.010141637,0.1252,0.082399994,0.106400006,0.0322,,
TECH,Bio-Techne Corp,11353640960,healthcare,biotechnology,62.413795,0.0044198893,31.307024,0.0017794186,0.16697778,0.0448,0.1469,0.0186,0.013200001,,
TEL,TE Connectivity plc,63797133312,technology,electronic-components,21.603922,0.013363336,17.059927,0.05301284,0.02799798,0.3076,0.1276,0.2571,0.1033,,
TER,"Teradyne, Inc.",70203252736,technology,semiconductor-equipment-materials,61.766163,0.0012025301,38.536037,0.19766234,0.3401739,1.2958,0.28170002,1.4124,0.1187,,
TFC,Truist Financial Corporation,56744538112,financial-services,banks-regional,10.678162,0.04494382,9.3346,-0.07815352,-0.067260616,0.1832,0.108100004,0.0346,0.1174,,
TGT,Target Corporation,70870294528,consumer-defensive,discount-stores,16.182571,0.02910019,16.33845,0.0020528939,0.21107478,0.3527,-0.067600004,0.1506,0.0953,,
TJX,"TJX Companies, Inc. (The)",145944543232,consumer-cyclical,apparel-retail,24.570368,0.013548918,22.98078,-0.059008468,-0.13030656,0.1099,0.099700004,0.044099998,0.0454,,
TKO,"TKO Group Holdings, Inc.",33231976448,communication-services,entertainment,61.823948,0.017666439,37.506996,-0.06685104,-0.10696503,1.0591,0.0556,1.8476,34.7433,,
TMO,Thermo Fisher Scientific Inc,242110529536,healthcare,diagnostics-research,35.2043,0.0027585784,23.769205,0.060492784,0.20676455,0.0987,0.0964,0.107,0.1046,,
TMUS,"T-Mobile US, Inc.",175531982848,communication-services,telecom-services,17.117153,0.02522723,11.33467,-0.07220411,-0.14432102,0.1266,0.2724,0.2052,0.4731,,
TPL,Texas Pacific Land Corporation,23464497152,energy,oil-gas-e-p,43.502556,0.006746716,4.6524887,-0.06853403,-0.14311384,0.33470002,0.1099,0.3415,0.47529998,,
TPR,"Tapestry, Inc.",23552145408,consumer-cyclical,luxury-goods,16.269972,0.013418317,13.272611,-0.095141806,-0.14791974,0.1309,0.1162,0.1279,0.1273,,
TRGP,"Targa Resources, Inc.",60413796352,energy,oil-gas-midstream,26.960766,0.016111132,23.323639,0.0016887119,0.13509999,0.2782,0.0507,0.168,0.100200005,,
TRMB,Trimble Inc.,13412504576,technology,scientific-technical-instruments,0.0,0.0,13.903728,-0.012427085,-0.08218086,0.1728,0.127,0.0618,0.16049999,,
TROW,"T. Rowe Price Group, Inc.",22317105152,financial-services,asset-management,10.504016,0.048568457,10.140181,-0.04972805,0.0071294266,0.0509,0.0107,-0.0507,0.0099,,
TRV,"The Travelers Companies, Inc.",75166269440,financial-services,insurance-property-casualty,9.679829,0.012581573,11.883368,-0.030240191,0.1257043,0.2394,-0.11310001,-0.1432,-0.1367,,
TSCO,Tractor Supply Company,16199137280,consumer-cyclical,specialty-retail,16.192709,0.029624961,15.179552,-0.07243873,-0.22098845,-0.091000006,0.091000006,-0.168,-0.0626,,
TSLA,"Tesla, Inc.",1463662804992,consumer-cyclical,auto-manufacturers,346.34576,0.0,171.64972,0.06618892,-0.057459787,0.0563,0.2313,-0.1175,-0.0332,,
TSN,"Tyson Foods, Inc.",18254979072,consumer-defensive,farm-products,32.030865,0.009906875,12.570434,-0.061334394,-0.13527477,-0.1005,0.113800004,-0.3142,0.0421,,
TT,Trane Technologies plc,102070960128,industrials,building-products-equipment,34.594334,0.008672157,26.339725,0.020879697,0.03619815,0.1685,0.1541,0.2173,0.2619,,
TTD,"The Trade Desk, Inc.",5649901568,communication-services,advertising-agencies,0.14226191,0.0,11.838951,-0.17711063,-0.47124186,-0.3458,-0.1348,-0.4385,-0.5091,,
TTWO,"Take-Two Interactive Software, ",37906546688,communication-services,electronic-gaming-multimedia,0.0,0.0,19.697498,-0.10378471,-0.09724914,2.1373,1.8697,-0.2006,4.6463,,
TXN,Texas Instruments Incorporated,268312150016,technology,semiconductors,44.650455,0.01997796,27.6002,0.08597771,0.18083537,0.5607,0.1875,0.632,0.7936,,
TXT,Textron Inc.,13287709696,industrials,aerospace-defense,14.549907,0.0010366723,10.631476,-0.07090284,-0.13778764,0.0588,0.1252,-0.0301,0.09689999,,
TYL,"Tyler Technologies, Inc.",13219803136,technology,software-application,42.363518,0.0,21.027843,-0.039630946,-0.065610304,0.1582,0.172,0.1673,0.29610002,,
UAL,"United Airlines Holdings, Inc.",36517339136,industrials,airlines,10.534644,0.0,7.7741027,-0.028880684,0.031040758,-0.175,0.5709,-0.0078,-0.1,,
UBER,"Uber Technologies, Inc.",139118772224,technology,software-application,14.936404,0.0,15.405286,-0.067413,-0.08862645,-0.3275,0.42520002,-0.70739996,6.1507,,
UDR,"UDR, Inc.",12222208000,real-estate,reit-residential,21.056961,0.051365796,59.410713,-0.08878274,-0.10071234,-0.076799996,,0.17799999,-0.78629994,,
UHS,"Universal Health Services, Inc.",10356324352,healthcare,medical-care-facilities,7.172245,0.004569601,7.3220515,0.018048188,-0.02814386,0.038399998,0.0631,-0.088199995,-0.0274,,
ULTA,"Ulta Beauty, Inc.",23246809088,consumer-cyclical,specialty-retail,19.799345,0.0,16.94413,0.017087838,-0.02155931,0.129,0.105,0.088199995,0.132,,
UNH,UnitedHealth Group Incorporated,333815513088,healthcare,healthcare-plans,23.916397,0.024507118,16.448336,-0.05546953,0.043629956,0.2151,0.1381,0.42099997,-0.0034,,
UNP,Union Pacific Corporation,165319327744,industrials,railroads,22.514565,0.020262828,19.601835,-0.042257275,0.051036723,0.1192,0.087799996,0.116000004,0.1456,,
UPS,"United Parcel Service, Inc.",79139700736,industrials,integrated-freight-logistics,17.289963,0.069869,11.534931,-0.08752935,-0.11405729,0.006,0.1196,-0.064899996,0.1522,,
URI,"United Rentals, Inc.",67286622208,industrials,rental-leasing-services,25.974052,0.007271954,18.860416,0.015178709,0.14057654,0.1718,0.16290002,0.1883,0.186,,
USB,U.S. Bancorp,89603538944,financial-services,banks-regional,11.479041,0.036262203,9.915619,-0.074372135,-0.0027035538,0.1319,0.1108,0.0754,0.1043,,
V,Visa Inc.,677086953472,financial-services,credit-services,30.668367,0.0074475477,24.03711,-0.021719323,0.06872322,0.1533,0.13430001,0.1507,0.1443,,
VEEV,Veeva Systems Inc.,44254543872,healthcare,health-information-services,44.808197,0.0,26.664675,0.09011845,0.35832548,0.1402,0.1099,0.1486,0.1201,,
VICI,VICI Properties Inc.,24939405312,real-estate,reit-diversified,8.77907,0.0791905,7.5752506,-0.10781107,-0.17423014,0.05,0.087299995,0.0094,0.2893,,
VLO,Valero Energy Corporation,116984922112,energy,oil-gas-refining-marketing,16.950356,0.011408706,10.108813,0.14423493,0.560944,3.5479002,-0.1671,4.1535997,2.6081,,
VLTO,Veralto Corp,23082354688,industrials,pollution-treatment-controls,23.848866,0.0052854125,19.80169,-0.019445404,0.018206855,0.1288,0.0861,0.101,0.0884,,
VMC,Vulcan Materials Company (Holdi,31495407616,basic-materials,building-materials,28.730495,0.008279367,22.9731,-0.08340057,-0.1443574,0.1358,0.1583,0.0511,0.32029998,,
VRSK,"Verisk Analytics, Inc.",21329969152,industrials,consulting-services,25.173578,0.011284,18.840332,-0.109947585,-0.13760324,0.0764,0.1286,0.12060001,0.0857,,
VRSN,"VeriSign, Inc.",26064128000,technology,software-infrastructure,31.068968,0.011014291,26.064638,-0.0033316975,0.08438865,0.0875,0.13350001,0.0639,0.1022,,
VRT,"Vertiv Holdings, LLC",97086308352,industrials,electrical-equipment-parts,55.546253,0.0007110353,27.52618,-0.032930594,-0.046978615,0.6042,0.3616,0.4745,0.6289,,
VRTX,Vertex Pharmaceuticals Incorpor,127929335808,healthcare,biotechnology,29.499123,0.0,25.119944,-0.026001284,0.06568973,-0.12109999,0.2433,-1.2541001,-0.0928,,
VST,Vistra Corp.,46995640320,utilities,utilities-independent-power-producers,23.572392,0.006511628,13.442342,-0.022974968,-0.09613893,3.3938,0.081199996,0.47869998,4.8122,,
VTR,"Ventas, Inc.",43092627456,real-estate,reit-healthcare-facilities,152.74545,0.0238863,106.341774,-0.07381272,-0.022155436,-0.0248,0.79550004,-0.0907,0.0515,,
VTRS,Viatris Inc.,20215199744,healthcare,drug-manufacturers-specialty-generic,0.0,0.02749141,6.583648,0.038691223,0.14898261,0.071,0.0622,-0.0374,0.036199998,,
VZ,Verizon Communications Inc.,190787272704,communication-services,telecom-services,11.958333,0.0607873,8.696212,-0.049625613,-0.010651868,0.066700004,0.052399997,0.056900002,0.057800002,,
WAB,Westinghouse Air Brake Technolo,48568627200,industrials,railroads,38.75202,0.0038910506,23.085365,-0.010481505,0.09961929,0.21139999,0.1462,0.17790002,0.2577,,
WAT,Waters Corporation,41749606400,healthcare,diagnostics-research,107.648094,0.0,25.708803,0.036633346,0.16962051,0.1101,0.1347,0.1757,0.0322,,
WBD,"Warner Bros. Discovery, Inc. - ",77570809856,communication-services,entertainment,0.0,0.0,497.26776,0.09623014,0.11784929,-4.8797,1.0058,0.9533,0.6414,,
WDAY,"Workday, Inc.",44859740160,technology,software-application,38.618256,0.0,14.066371,0.0013610742,0.18375258,0.2,0.19469999,0.18290001,0.19299999,,
WDC,Western Digital Corporation,149729050624,technology,computer-hardware,15.432553,0.0010809408,13.0801935,-0.10912176,0.038162846,0.96589994,0.5803,1.271,1.1932,,
WEC,"WEC Energy Group, Inc.",33103036416,utilities,utilities-regulated-electric,19.726213,0.036272485,16.93477,-0.04722699,-0.08703047,0.16370001,0.0731,0.12550001,0.3964,,
WELL,Welltower Inc.,164081467392,real-estate,reit-healthcare-facilities,102.572075,0.013527804,71.60692,-0.033743225,0.06365439,,0.1042,0.1439,0.19459999,,
WFC,Wells Fargo & Company,243280723968,financial-services,banks-diversified,11.693314,0.022429906,10.100338,-0.066410765,-0.05071733,0.1702,0.0936,0.1169,0.1571,,
WM,"Waste Management, Inc.",81721769984,industrials,waste-management,28.917963,0.017533433,22.446018,-0.069964014,-0.09068289,0.0859,0.1184,0.10479999,0.0889,,
WMB,"Williams Companies, Inc. (The)",86282231808,energy,oil-gas-midstream,28.103586,0.029615717,26.66334,-0.021761421,-0.008790058,0.1565,0.08939999,0.0896,0.1408,,
WMT,Walmart Inc.,829709352960,consumer-defensive,discount-stores,37.775364,0.009255706,32.324173,-0.042183932,-0.11883845,0.093,0.1178,0.024400001,0.0612,,
WRB,W.R. Berkley Corporation,25607276544,financial-services,insurance-property-casualty,14.193416,0.0053701014,14.187519,-0.015878888,0.0012498255,0.13,-0.0063,0.0225,0.0699,,
WSM,"Williams-Sonoma, Inc.",27360102400,consumer-cyclical,specialty-retail,23.80123,0.012168473,22.094099,-0.005812764,0.112275995,0.114300005,0.066599995,0.120799996,0.08140001,,
WST,"West Pharmaceutical Services, I",25685745664,healthcare,medical-instruments-supplies,46.732395,0.0023834964,36.559895,0.037374277,0.20726383,0.22940001,0.113900006,0.1188,0.11359999,,
WTW,Willis Towers Watson Public Lim,26803767296,financial-services,insurance-brokers,17.88166,0.0064471876,12.628617,-0.10786766,-0.034066785,0.1619,0.1519,0.1709,0.1359,,
WY,Weyerhaeuser Company,13311993856,real-estate,reit-specialty,27.984846,0.04518558,28.238998,-0.19919184,-0.23536132,0.6164,1.0232,0.42,1.087,,
WYNN,"Wynn Resorts, Limited",7813658112,consumer-cyclical,resorts-casinos,18.196642,0.01293661,14.727288,-0.18190095,-0.26413223,0.122200005,0.0654,0.0641,0.0497,,
XEL,Xcel Energy Inc.,44598890496,utilities,utilities-regulated-electric,19.561644,0.03295535,15.734947,-0.058126956,-0.08543148,0.083000004,0.1026,0.0552,0.0468,,
XOM,ExxonMobil Holdings Corporation,674394669056,energy,oil-gas-integrated,21.108107,0.024905382,14.50511,0.021619609,0.10003054,0.7678,-0.0817,1.0016,0.9428,,
XYL,Xylem Inc.,23766622208,industrials,specialty-industrial-machinery,24.235716,0.016455194,16.29811,-0.09278559,-0.15875581,0.115100004,0.1026,0.0618,0.1618,,
XYZ,"Block, Inc.",44657094656,technology,software-infrastructure,132.73215,0.0,14.302648,-0.06694683,0.059811022,0.7079,0.2839,0.8953,0.78260005,,
YUM,"Yum! Brands, Inc.",37147295744,consumer-cyclical,restaurants,17.143576,0.010681103,19.501236,-0.071898535,-0.11595984,0.0586,0.08979999,-0.0633,0.0403,,
ZBH,"Zimmer Biomet Holdings, Inc.",16840230912,healthcare,medical-devices,21.429613,0.010901658,9.73723,-0.08110316,-0.033371087,0.040700004,0.0625,-0.0093,0.03,,
ZBRA,Zebra Technologies Corporation,17782183936,technology,communication-equipment,34.482567,0.0,16.93089,0.07120458,0.40677533,0.32819998,0.056500003,0.2629,0.1981,,
ZTS,Zoetis Inc.,28797554688,healthcare,drug-manufacturers-specialty-generic,11.2767,0.029811867,10.657675,-0.063268684,-0.2914064,-0.0313,0.054,-0.1093,-0.1244,,
,SamsungElec,1812371509084160,technology,consumer-electronics,0.0,0.0,3.9094155,0.07209447,0.20185372,6.2353,0.4773,6.6177,4.1625,005930.KS,Memory_concept
,SK hynix,1306842852491264,technology,semiconductors,0.0,0.0,3.9148088,0.09284103,0.2814088,4.8526998,0.3309,3.8314002,3.6707,000660.KS,Memory_concept
,KIOXIA HOLDINGS CORPORATION,30832039297024,technology,semiconductors,19.120459,0.0,0.0,0.11003957,0.3271796,9.2213,0.3964,33.6517,19.0005,285A.T,NandFlash_concept
,NANYA TECHNOLOGY CORPORATION,1629878222848,technology,semiconductors,18.346704,0.0028901733,5.154437,0.07698609,0.531563,31.612,0.4691,47.0399,6.2592998,2408.TW,Taiwan_Dram_concept
,"Micron Technology, Inc.",1213973397504,technology,semiconductors,14.451332,0.000514858,5.219066,0.1243081,0.5769769,1.3878,0.1674,11.6108,7.8117,MU,Memory_concept
,WINBOND ELECTRONIC CORP,805500026880,technology,semiconductors,19.757174,0.0027777778,3.516989,0.048684735,0.3118118,27.9705,0.9964,11.35,12.6015005,2344.TW,Taiwan_Dram_concept
,Sandisk Corporation,251839234048,technology,computer-hardware,23.309256,0.0,6.5278344,0.11711756,0.5010567,2.0178,0.2318,36.8558,7.5143,SNDK,NandFlash_concept
,GIGA DEVICE SEMICONDUCTOR INC,249135497216,technology,semiconductors,31.15317,0.0020404276,23.025373,-0.08718179,-0.06452804,6.19,-0.0327,7.1757,7.1707,603986.SS,Memory_concept
