signal,status,detail,value
Primary trend (% > 200DMA),neutral,46.2% of constituents are above their 200-day average,46.2
Intermediate trend (% > 50DMA),bearish,28.3% above the 50-day average,28.3
Short-term (% > 20DMA),neutral,37.2% above the 20-day average,37.2
Breadth vs index divergence,warning,index sits at the 99th percentile of its own 6-month range while % > 200DMA sits at the 4th,95.2
McClellan oscillator,neutral,-0 (19/39-day EMA spread of ratio-adjusted net advances),-0.2
Net new 52w highs (10d avg),bearish,-13.5 per day over the last 10 sessions,-13.5
Zweig breadth thrust,neutral,10-day EMA of advances/(advances+declines) = 0.477,0.477
Participation in the 12M advance,narrow,only 33% of names beat the index; mean 17.1% vs median 4.7%,33.1
Mega-cap concentration,extreme,the 10 largest names are 43.4% of index cap and drove 56% of the 12-month cap gain,55.6
Equal-weight vs cap-weight,cap-weight leading,the equal-weight/cap-weight ratio is -4.0% over 12 months,-4.0
