Date,ew_cw_ratio
2014-09-29,0.8935724460078842
2014-10-06,0.8896391531182023
2014-10-13,0.9019697999945527
2014-10-20,0.9052414269306718
2014-10-27,0.9080876657010409
2014-11-03,0.9113587670617058
2014-11-10,0.9094881017723506
2014-11-17,0.9125410656726896
2014-11-24,0.9140840373752523
2014-12-01,0.918495652996764
2014-12-08,0.9200149493144013
2014-12-15,0.9215187704551497
2014-12-22,0.922385539594079
2014-12-29,0.9238424349696438
2015-01-05,0.9262480026281067
2015-01-12,0.9258950442322613
2015-01-19,0.9242033628208814
2015-01-26,0.9275640337698984
2015-02-02,0.9299813123080615
2015-02-09,0.9308217227318113
2015-02-16,0.9336204033690144
2015-02-23,0.9316730913739704
2015-03-02,0.930621136373189
2015-03-09,0.9368319963094919
2015-03-16,0.9382892765168382
2015-03-23,0.9392706901066721
2015-03-30,0.9421714657384497
2015-04-06,0.9389412951128285
2015-04-13,0.9408223935216946
2015-04-20,0.9333542478693008
2015-04-27,0.9315815621340245
2015-05-04,0.932140047433332
2015-05-11,0.9342604002332521
2015-05-18,0.9353861536905629
2015-05-25,0.9348538155751639
2015-06-01,0.93672419773275
2015-06-08,0.9385192854650358
2015-06-15,0.9400655491380457
2015-06-22,0.9373066320941572
2015-06-29,0.9366691492961654
2015-07-06,0.9291603267294846
2015-07-13,0.9123368072086395
2015-07-20,0.9156792848980457
2015-07-27,0.9219775858206831
2015-08-03,0.9254400586874475
2015-08-10,0.9259396237326462
2015-08-17,0.931320585018918
2015-08-24,0.9259550800647076
2015-08-31,0.9289397009139758
2015-09-07,0.927233738197895
2015-09-14,0.9250647134693473
2015-09-21,0.9217756471420769
2015-09-28,0.9202939727618907
2015-10-05,0.9238341583988942
2015-10-12,0.916262519537157
2015-10-19,0.9094855065646619
2015-10-26,0.9090910822339813
2015-11-02,0.906578884817279
2015-11-09,0.9065074691169417
2015-11-16,0.9027393409095629
2015-11-23,0.908494075155759
2015-11-30,0.9037615478539706
2015-12-07,0.9031872622886107
2015-12-14,0.8999241581470275
2015-12-21,0.9057636556311597
2015-12-28,0.9034577189061445
2016-01-04,0.9010344779770926
2016-01-11,0.8967412023897791
2016-01-18,0.89494244385614
2016-01-25,0.8952674062289636
2016-02-01,0.9039650200856792
2016-02-08,0.8992618654515278
2016-02-15,0.9064403944712097
2016-02-22,0.914131175934995
2016-02-29,0.9225820986251047
2016-03-07,0.924198679727849
2016-03-14,0.9258380204656075
2016-03-21,0.9211213984682682
2016-03-28,0.9236851187525296
2016-04-04,0.9214335260907294
2016-04-11,0.921707248572419
2016-04-18,0.9303140612415559
2016-04-25,0.9317261890486768
2016-05-02,0.9279223534262225
2016-05-09,0.9265051111169876
2016-05-16,0.9307433059227366
2016-05-23,0.9330788433970447
2016-05-30,0.937405558427248
2016-06-06,0.9356423452065712
2016-06-13,0.938182058551012
2016-06-20,0.9377287102867292
2016-06-27,0.9352103168843187
2016-07-04,0.9349533169108889
2016-07-11,0.9378132552149777
2016-07-18,0.937682679831883
2016-07-25,0.9385750865626605
2016-08-01,0.9373373304995835
2016-08-08,0.9376148905807269
2016-08-15,0.94153044469564
2016-08-22,0.9434245159793667
2016-08-29,0.9463014787901032
2016-09-05,0.9430418081995076
2016-09-12,0.9403986176835339
2016-09-19,0.9438750743034485
2016-09-26,0.9448082236613121
2016-10-03,0.941031788157898
2016-10-10,0.9381565564859481
2016-10-17,0.9378041115904537
2016-10-24,0.936806087114453
2016-10-31,0.9413553701987831
2016-11-07,0.9540433852243825
2016-11-14,0.9608091954061126
2016-11-21,0.9640556974539912
2016-11-28,0.9628404055231503
2016-12-05,0.9644958414837388
2016-12-12,0.9582558570109714
2016-12-19,0.9579374066250222
2016-12-26,0.9591010666245094
2017-01-02,0.9577678814373313
2017-01-09,0.9601994959346504
2017-01-16,0.9598949626506595
2017-01-23,0.9607225163693359
2017-01-30,0.965054087790611
2017-02-06,0.9685097083975731
2017-02-13,0.9660537718744251
2017-02-20,0.9655057461757828
2017-02-27,0.963878847223917
2017-03-06,0.9594630083827096
2017-03-13,0.9626050707481159
2017-03-20,0.962839933051154
2017-03-27,0.9630889310784121
2017-04-03,0.9604501998415148
2017-04-10,0.9594207170486722
2017-04-17,0.9613595158115403
2017-04-24,0.9569932160592645
2017-05-01,0.9563871794540368
2017-05-08,0.9523067819950713
2017-05-15,0.9542938905057772
2017-05-22,0.9523832392284164
2017-05-29,0.9546187280436376
2017-06-05,0.9583919719576685
2017-06-12,0.9616907491170837
2017-06-19,0.9578143128283165
2017-06-26,0.9648920964000605
2017-07-03,0.9643124878395235
2017-07-10,0.9618923953226931
2017-07-17,0.9606989987156065
2017-07-24,0.9598917763042258
2017-07-31,0.9595886280140835
2017-08-07,0.9569823072541547
2017-08-14,0.9570221271297983
2017-08-21,0.9589842473196973
2017-08-28,0.958525835965367
2017-09-04,0.9609543762147584
2017-09-11,0.9609035181415864
2017-09-18,0.9646084533900813
2017-09-25,0.966011249651311
2017-10-02,0.9651432573489345
2017-10-09,0.9655880848980332
2017-10-16,0.9664834555148883
2017-10-23,0.9606174672581342
2017-10-30,0.9589301517862077
2017-11-06,0.9584200586369289
2017-11-13,0.9639148797196586
2017-11-20,0.9613339988525373
2017-11-27,0.9678619268858142
2017-12-04,0.9686966032093659
2017-12-11,0.9621515340190939
2017-12-18,0.9664398918122034
2017-12-25,0.9689699595098376
2018-01-01,0.9628479547104744
2018-01-08,0.9621717264087066
2018-01-15,0.9614467434513415
2018-01-22,0.9560876058897075
2018-01-29,0.954774202052831
2018-02-05,0.9589432677652675
2018-02-12,0.9567746536970632
2018-02-19,0.9547513574144824
2018-02-26,0.9566453696845878
2018-03-05,0.9563489065316654
2018-03-12,0.9603390915533306
2018-03-19,0.971272804197094
2018-03-26,0.9739565915790972
2018-04-02,0.9737730099119386
2018-04-09,0.9694653215628992
2018-04-16,0.9686481049484833
2018-04-23,0.9696488754658459
2018-04-30,0.9656816247847377
2018-05-07,0.9629191479995254
2018-05-14,0.9688562523564567
2018-05-21,0.9676703515544639
2018-05-28,0.963585512145514
2018-06-04,0.9663237701435111
2018-06-11,0.9659868370995566
2018-06-18,0.966579623784336
2018-06-25,0.967617496122858
2018-07-02,0.9673744547657691
2018-07-09,0.9609475840677291
2018-07-16,0.9618816713084299
2018-07-23,0.9614015886466807
2018-07-30,0.9620067934928113
2018-08-06,0.9604164907912826
2018-08-13,0.9653231114289955
2018-08-20,0.9661133866996314
2018-08-27,0.9626408822037454
2018-09-03,0.9697959745885893
2018-09-10,0.969399020471836
2018-09-17,0.9689715940261795
2018-09-24,0.9598440648595329
2018-10-01,0.9578437136245483
2018-10-08,0.9535419435078366
2018-10-15,0.954709695076105
2018-10-22,0.9516721697883954
2018-10-29,0.9665583846161325
2018-11-05,0.9660537357173025
2018-11-12,0.9734847569255376
2018-11-19,0.9842799997909961
2018-11-26,0.970198060258069
2018-12-03,0.9702388665860309
2018-12-10,0.9671064963490777
2018-12-17,0.9713975386733767
2018-12-24,0.9657149248294274
2018-12-31,0.96587237592435
2019-01-07,0.9752156792212018
2019-01-14,0.9754616316145773
2019-01-21,0.9801452349603529
2019-01-28,0.983869939749898
2019-02-04,0.9863325164194364
2019-02-11,0.9919276522076842
2019-02-18,0.9942652664990692
2019-02-25,0.9900026498644554
2019-03-04,0.9850656396265978
2019-03-11,0.9817630668813513
2019-03-18,0.975802653867981
2019-03-25,0.9814470318915381
2019-04-01,0.9838986741995513
2019-04-08,0.9860827427866141
2019-04-15,0.980709034428608
2019-04-22,0.9761832544651211
2019-04-29,0.9833196682892892
2019-05-06,0.9811143821325209
2019-05-13,0.9766301937255064
2019-05-20,0.9786454134825516
2019-05-27,0.9791707545481146
2019-06-03,0.985257247401645
2019-06-10,0.9835246075282648
2019-06-17,0.9806676205267029
2019-06-24,0.9881711665067102
2019-07-01,0.9852009369197329
2019-07-08,0.9804781297423538
2019-07-15,0.9812315121853523
2019-07-22,0.9784230342403508
2019-07-29,0.9811267526746245
2019-08-05,0.9824386663819855
2019-08-12,0.9801093366121727
2019-08-19,0.9802834500924621
2019-08-26,0.9792027258938506
2019-09-02,0.9810604331963636
2019-09-09,0.9866722346986712
2019-09-16,0.9867219715341039
2019-09-23,0.9880296310624693
2019-09-30,0.9820686872820736
2019-10-07,0.9817161767174586
2019-10-14,0.9839223385278199
2019-10-21,0.9844329943428662
2019-10-28,0.9828370443676492
2019-11-04,0.9825656012378966
2019-11-11,0.9825945769166694
2019-11-18,0.9826251322085421
2019-11-25,0.9820459770188722
2019-12-02,0.9809207662738312
2019-12-09,0.9807432198961011
2019-12-16,0.9824767388802703
2019-12-23,0.9779159551144655
2019-12-30,0.976960079564883
2020-01-06,0.9712598752562417
2020-01-13,0.9721021466427391
2020-01-20,0.9694440163547046
2020-01-27,0.9635741749398159
2020-02-03,0.957857259392894
2020-02-10,0.958819536532785
2020-02-17,0.9632534022213427
2020-02-24,0.9611470349906296
2020-03-02,0.9537737859873715
2020-03-09,0.9174930250654441
2020-03-16,0.8917512502162808
2020-03-23,0.9172529049720078
2020-03-30,0.8959347724019971
2020-04-06,0.9341396116040318
2020-04-13,0.9062768325570532
2020-04-20,0.9046394272560044
2020-04-27,0.9154781554233926
2020-05-04,0.9160870861271697
2020-05-11,0.8947955779945685
2020-05-18,0.9152470797437556
2020-05-25,0.9319177435904603
2020-06-01,0.9653100466199684
2020-06-08,0.9405298166859114
2020-06-15,0.9339065457811493
2020-06-22,0.9239039111729379
2020-06-29,0.9180523786682295
2020-07-06,0.89652591227507
2020-07-13,0.9214312855213954
2020-07-20,0.9269550724254905
2020-07-27,0.9184596478284408
2020-08-03,0.9208585168752763
2020-08-10,0.9250843787272207
2020-08-17,0.9003391754972059
2020-08-24,0.8936712122132686
2020-08-31,0.9024016428136655
2020-09-07,0.9122624165985088
2020-09-14,0.924494133937239
2020-09-21,0.9085479719733706
2020-09-28,0.9155101650885906
2020-10-05,0.9188282766104018
2020-10-12,0.9144994146739872
2020-10-19,0.9229811353109217
2020-10-26,0.9218802028981139
2020-11-02,0.9118902273800121
2020-11-09,0.9429541420158083
2020-11-16,0.9503323281400019
2020-11-23,0.9504444652676771
2020-11-30,0.9534992262475718
2020-12-07,0.9485391932828859
2020-12-14,0.9452871867345838
2020-12-21,0.9459222560673319
2020-12-28,0.9424509052999386
2021-01-04,0.9480340435174325
2021-01-11,0.9639774917732438
2021-01-18,0.9445227223304327
2021-01-25,0.9408174115903911
2021-02-01,0.9383889488739893
2021-02-08,0.94680520688762
2021-02-15,0.9554625701466467
2021-02-22,0.9688447691061332
2021-03-01,0.9796053022066428
2021-03-08,0.9851914186696706
2021-03-15,0.989215658972344
2021-03-22,0.9961717329250142
2021-03-29,0.9876619768691267
2021-04-05,0.9729074843881516
2021-04-12,0.9712782232599801
2021-04-19,0.9770824975144807
2021-04-26,0.9766895830772487
2021-05-03,0.9902720280167137
2021-05-10,0.9975463291162503
2021-05-17,0.996103406010921
2021-05-24,0.9944154444320694
2021-05-31,0.9966621748401157
2021-06-07,0.991825173315543
2021-06-14,0.9727651281054909
2021-06-21,0.9788722391174511
2021-06-28,0.9684198096856232
2021-07-05,0.9636864264138876
2021-07-12,0.9552052252571017
2021-07-19,0.9501304323841326
2021-07-26,0.9595838661208971
2021-08-02,0.9588459429145479
2021-08-09,0.9602220691377675
2021-08-16,0.9542733813821394
2021-08-23,0.9578640224045324
2021-08-30,0.953263720499745
2021-09-06,0.950829897114045
2021-09-13,0.9510637664460608
2021-09-20,0.9530496435311925
2021-09-27,0.9621307851214113
2021-10-04,0.9630837194791094
2021-10-11,0.9619945991055409
2021-10-18,0.9656380973433853
2021-10-25,0.9446543486553405
2021-11-01,0.9463880145321516
2021-11-08,0.9535531425777142
2021-11-15,0.9380252043341976
2021-11-22,0.9437072044473263
2021-11-29,0.9451421793567368
2021-12-06,0.9404438026308367
2021-12-13,0.949889076183669
2021-12-20,0.9458123123049087
2021-12-27,0.9546792860435789
2022-01-03,0.9689936750683708
2022-01-10,0.9695124607908163
2022-01-17,0.9755157376352576
2022-01-24,0.9699635864864694
2022-01-31,0.965150972926203
2022-02-07,0.982862281098107
2022-02-14,0.985744436931293
2022-02-21,0.9871502107494072
2022-02-28,0.9911880269260401
2022-03-07,0.993128312118456
2022-03-14,0.9877561560533127
2022-03-21,0.9790249729938639
2022-03-28,0.9792639831114015
2022-04-04,0.9865460571738593
2022-04-11,1.0014622724092035
2022-04-18,1.0101253696637227
2022-04-25,1.0128706034218358
2022-05-02,1.0138754656195081
2022-05-09,1.0202086562848192
2022-05-16,1.0324678213066685
2022-05-23,1.0319206438237263
2022-05-30,1.0279785310852054
2022-06-06,1.027089356546196
2022-06-13,1.0141109101413202
2022-06-20,1.005667224831311
2022-06-27,1.0159868329985327
2022-07-04,1.0008138734231544
2022-07-11,1.005018770718337
2022-07-18,1.014380424468424
2022-07-25,1.011633507645246
2022-08-01,1.011579617379456
2022-08-08,1.0192683052535796
2022-08-15,1.0189969694744003
2022-08-22,1.0264521635486978
2022-08-29,1.0280825126135824
2022-09-05,1.033350184101909
2022-09-12,1.034555036322399
2022-09-19,1.02616918418977
2022-09-26,1.0320543981812658
2022-10-03,1.0414291615202773
2022-10-10,1.0424721383080013
2022-10-17,1.0349250590780392
2022-10-24,1.0574049768139855
2022-10-31,1.0811926057368293
2022-11-07,1.0813353774411258
2022-11-14,1.0773821039964224
2022-11-21,1.0825145795475706
2022-11-28,1.0795868407334008
2022-12-05,1.0826813772773414
2022-12-12,1.0845790938190014
2022-12-19,1.0909964695172563
2022-12-26,1.0929995615882147
2023-01-02,1.1060437393418308
2023-01-09,1.1050868671339178
2023-01-16,1.096377947820286
2023-01-23,1.0915622160413483
2023-01-30,1.0908043355245705
2023-02-06,1.093605795947324
2023-02-13,1.098190641063757
2023-02-20,1.0994450873326833
2023-02-27,1.0971971358999488
2023-03-06,1.084413309326333
2023-03-13,1.0499835241949138
2023-03-20,1.0436860421210514
2023-03-27,1.0547395108119524
2023-04-03,1.042491148022233
2023-04-10,1.0480100891955053
2023-04-17,1.0521779337083068
2023-04-24,1.044625437371616
2023-05-01,1.040811887132644
2023-05-08,1.029057201666836
2023-05-15,1.021002024797684
2023-05-22,1.0055673420529923
2023-05-29,1.0074399149311781
2023-06-05,1.0134431903021985
2023-06-12,1.0132935845368807
2023-06-19,1.0052645029904812
2023-06-26,1.0179220045131538
2023-07-03,1.0213993416477567
2023-07-10,1.0198622197804161
2023-07-17,1.0311238344700482
2023-07-24,1.0194205158189713
2023-07-31,1.0273158025027684
2023-08-07,1.0301184522476063
2023-08-14,1.0249746915918558
2023-08-21,1.0169413670335286
2023-08-28,1.0130670928784422
2023-09-04,1.0070664734775578
2023-09-11,1.0074473652325817
2023-09-18,1.011166418847384
2023-09-25,1.0117869190479087
2023-10-02,0.9919499816085919
2023-10-09,0.9897267068748256
2023-10-16,0.99174762098608
2023-10-23,0.9974948252800881
2023-10-30,1.0015438564839876
2023-11-06,0.9820932761335923
2023-11-13,0.9921092825052643
2023-11-20,0.9926895078244894
2023-11-27,1.0098933990312409
2023-12-04,1.007138446942697
2023-12-11,1.0213396378788728
2023-12-18,1.0187100580316346
2023-12-25,1.0213112487438396
2024-01-01,1.025698801039306
2024-01-08,1.0101000552094266
2024-01-15,0.9982660709631167
2024-01-22,0.9975004645090765
2024-01-29,0.9929091570466432
2024-02-05,0.9849788338956614
2024-02-12,0.9987656959408927
2024-02-19,0.9965113976052901
2024-02-26,1.0018683957822863
2024-03-04,1.0157258503198563
2024-03-11,1.0105878985935097
2024-03-18,1.0047846376654785
2024-03-25,1.0162266878745476
2024-04-01,1.0082680769730177
2024-04-08,0.9938339211804613
2024-04-15,1.0114656461359868
2024-04-22,0.9999269021185025
2024-04-29,0.9989607818973001
2024-05-06,1.0024276031442991
2024-05-13,0.9968471616850784
2024-05-20,0.9850798005368625
2024-05-27,0.9892853829437376
2024-06-03,0.969431085717159
2024-06-10,0.9500283491017172
2024-06-17,0.9555709390461922
2024-06-24,0.9520802119068331
2024-07-01,0.9285854868232504
2024-07-08,0.9495280200436307
2024-07-15,0.9690635311903235
2024-07-22,0.9877286242609141
2024-07-29,0.9883050655958127
2024-08-05,0.9914343486133281
2024-08-12,0.9810329305415061
2024-08-19,0.9873358049634743
2024-08-26,0.9944753254468163
2024-09-02,1.0050044555263546
2024-09-09,0.9928330850670949
2024-09-16,0.9942388278688363
2024-09-23,1.0
2024-09-30,1.0
2024-10-01,1.003160258747381
2024-10-02,1.0028272590217884
2024-10-03,1.0000511857705008
2024-10-04,0.9984349288799301
2024-10-07,1.0007266165980253
2024-10-08,0.9945440750330795
2024-10-09,0.9956350169884459
2024-10-10,0.9937537531157792
2024-10-11,0.9982193095512729
2024-10-14,0.9972282187568694
2024-10-15,1.0002214991102458
2024-10-16,1.0026259859319644
2024-10-17,1.0015532921164212
2024-10-18,1.000457932263515
2024-10-21,0.9939526151342138
2024-10-22,0.9900901710676568
2024-10-23,0.9964976574945351
2024-10-24,0.9929021863925274
2024-10-25,0.9877132352875037
2024-10-28,0.9905021901331035
2024-10-29,0.98514431605465
2024-10-30,0.9857743063944909
2024-10-31,0.9936294274872038
2024-11-01,0.9898294398170284
2024-11-04,0.9939569427324184
2024-11-05,0.9943757122776843
2024-11-06,0.9914870599376548
2024-11-07,0.9853832298727343
2024-11-08,0.9877089630949698
2024-11-11,0.990737771960547
2024-11-12,0.9864445130588906
2024-11-13,0.987069515154557
2024-11-14,0.9866596535647226
2024-11-15,0.9927273371307402
2024-11-18,0.9930097290414033
2024-11-19,0.9866381841466818
2024-11-20,0.9902965327156685
2024-11-21,0.9999824068001816
2024-11-22,1.0052720278843221
2024-11-25,1.011276609829048
2024-11-26,1.004923731227014
2024-11-27,1.0081817011979544
2024-11-29,1.0053777599298972
2024-12-02,0.9998011979138893
2024-12-03,0.9950401901449402
2024-12-04,0.9885336746980619
2024-12-05,0.9853728773815082
2024-12-06,0.9810107154741898
2024-12-09,0.9824141293279315
2024-12-10,0.9762462966951013
2024-12-11,0.9663967748311144
2024-12-12,0.9692505791101679
2024-12-13,0.9659906850715024
2024-12-16,0.9566049555236356
2024-12-17,0.9534131050679022
2024-12-18,0.9548454901183506
2024-12-19,0.9522215099161563
2024-12-20,0.9551782866823733
2024-12-23,0.9494896372995748
2024-12-24,0.9461273101085697
2024-12-26,0.9477037645769545
2024-12-27,0.9517975806969571
2024-12-30,0.9528676731727174
2024-12-31,0.9586516592589788
2025-01-02,0.9588036102828494
2025-01-03,0.9554309906233988
2025-01-06,0.948966661072186
2025-01-07,0.9565083155075175
2025-01-08,0.9570369801284299
2025-01-10,0.9560247528392988
2025-01-13,0.9625044295674565
2025-01-14,0.9698073855528532
2025-01-15,0.9611428948516125
2025-01-16,0.9716048773587861
2025-01-17,0.9665951004855515
2025-01-21,0.9696616156903732
2025-01-22,0.9603760801722894
2025-01-23,0.9604209662566426
2025-01-24,0.9615581809552642
2025-01-27,0.9771506128833151
2025-01-28,0.9639366141644721
2025-01-29,0.9655325661144137
2025-01-30,0.9691520948959232
2025-01-31,0.9657649035087326
2025-02-03,0.9673366259208154
2025-02-04,0.9606510791852829
2025-02-05,0.9667905053640958
2025-02-06,0.9628130386673927
2025-02-07,0.9683006932961142
2025-02-10,0.9649919348949864
2025-02-11,0.9650760150765392
2025-02-12,0.9625566173017513
2025-02-13,0.9595935013892622
2025-02-14,0.9584576510127649
2025-02-18,0.9638942506695956
2025-02-19,0.9636414583791968
2025-02-20,0.9655972651829202
2025-02-21,0.9692715963616838
2025-02-24,0.9752183308906536
2025-02-25,0.9819343029776352
2025-02-26,0.9812026702086895
2025-02-27,0.9888959404680847
2025-02-28,0.9850756185899545
2025-03-03,0.9914250759710211
2025-03-04,0.986085423084956
2025-03-05,0.9845620317976099
2025-03-06,0.99055028694178
2025-03-07,0.994109742490722
2025-03-10,1.0070776687939678
2025-03-11,1.0025978848306882
2025-03-12,0.993750960249225
2025-03-13,0.9972105542453295
2025-03-14,0.9965737801417495
2025-03-17,1.0046246246923687
2025-03-18,1.0102544289284119
2025-03-19,1.0071725341482631
2025-03-20,1.0059140083644786
2025-03-21,0.9997315310292851
2025-03-24,0.9976105824170624
2025-03-25,0.9928077314390816
2025-03-26,1.0028914256086052
2025-03-27,1.003563599877754
2025-03-28,1.0095249219135027
2025-03-31,1.01179548716572
2025-04-01,1.0085763347443693
2025-04-02,1.0111064288973823
2025-04-03,1.0094693832886523
2025-04-04,1.0104798354553606
2025-04-07,1.0058491180693965
2025-04-08,1.002960745862207
2025-04-09,0.9911313689178582
2025-04-10,0.9921010890899734
2025-04-11,0.9894047709741796
2025-04-14,0.9938269746442996
2025-04-15,0.993435613403557
2025-04-16,1.0022746079103573
2025-04-17,1.0089792830949162
2025-04-21,1.0121755082423005
2025-04-22,1.0123060742375583
2025-04-23,1.006025184914435
2025-04-24,1.003725158510659
2025-04-25,0.9948017195115819
2025-04-28,0.9975027137334607
2025-04-29,0.9976144695777874
2025-04-30,0.9982920404022468
2025-05-01,0.9905813325957253
2025-05-02,0.9930185315452745
2025-05-05,0.9944175254072474
2025-05-06,0.9952452028811277
2025-05-07,1.0008438450293398
2025-05-08,1.0031816917155871
2025-05-09,1.0040161343859282
2025-05-12,0.999892070380175
2025-05-13,0.9944680887540986
2025-05-14,0.9853589299923432
2025-05-15,0.9909840482634652
2025-05-16,0.9935930781458766
2025-05-19,0.9929968139127315
2025-05-20,0.9943119871176671
2025-05-21,0.9872716107715893
2025-05-22,0.984162620677777
2025-05-23,0.9872423425810479
2025-05-27,0.9843734469941292
2025-05-28,0.9809798909244352
2025-05-29,0.9809926032932235
2025-05-30,0.980502514763148
2025-06-02,0.9772921595775572
2025-06-03,0.9806353131196855
2025-06-04,0.9780413166686928
2025-06-05,0.98147887735495
2025-06-06,0.9788961701522546
2025-06-09,0.9772495783057227
2025-06-10,0.9764827794928623
2025-06-11,0.9764250040459956
2025-06-12,0.9758849117112721
2025-06-13,0.9737769089025872
2025-06-16,0.9738792171753325
2025-06-17,0.9724011613697525
2025-06-18,0.9739786839746054
2025-06-20,0.9794746345115796
2025-06-23,0.9786581197007049
2025-06-24,0.977309401078688
2025-06-25,0.9698403093756359
2025-06-26,0.969041905701978
2025-06-27,0.9672313286672053
2025-06-30,0.9678312084780274
2025-07-01,0.9799410956991743
2025-07-02,0.9770460303309254
2025-07-03,0.974125822918851
2025-07-07,0.9739781730249877
2025-07-08,0.9775322790052439
2025-07-09,0.9744344199291556
2025-07-10,0.9768273343743814
2025-07-11,0.9722354022034068
2025-07-14,0.9715008388470718
2025-07-15,0.9622278909505685
2025-07-16,0.9629079308558401
2025-07-17,0.9649506913533415
2025-07-18,0.9648108354483859
2025-07-21,0.9593843313580397
2025-07-22,0.9705019067294635
2025-07-23,0.9710466785933546
2025-07-24,0.967359336622558
2025-07-25,0.9686813430725106
2025-07-28,0.9631783891067403
2025-07-29,0.9645410250461549
2025-07-30,0.9595672468028651
2025-07-31,0.9547134792598755
2025-08-01,0.9607680399513697
2025-08-04,0.957165327027971
2025-08-05,0.9585263516805991
2025-08-06,0.9494231961279556
2025-08-07,0.9497045987874895
2025-08-08,0.9435347695140857
2025-08-11,0.942304013342324
2025-08-12,0.9445982564320131
2025-08-13,0.9553810035475081
2025-08-14,0.948727493866944
2025-08-15,0.9488059296107983
2025-08-18,0.9486052406053085
2025-08-19,0.9594322769938416
2025-08-20,0.961967077573361
2025-08-21,0.9628243159384874
2025-08-22,0.9651459558310382
2025-08-25,0.9607627379627949
2025-08-26,0.9582504448647658
2025-08-27,0.9595000103160347
2025-08-28,0.9555923924298421
2025-08-29,0.9605246470730121
2025-09-02,0.9601850422114602
2025-09-03,0.9500608766827765
2025-09-04,0.9494982957359225
2025-09-05,0.952043376965918
2025-09-08,0.9497427617721859
2025-09-09,0.9434086536348565
2025-09-10,0.938057708623275
2025-09-11,0.945011806450275
2025-09-12,0.9380354955546413
2025-09-15,0.9290904964653572
2025-09-16,0.9276970640440111
2025-09-17,0.9302146184840372
2025-09-18,0.9314527266498431
2025-09-19,0.9247852878392218
2025-09-22,0.9218411745856067
2025-09-23,0.9281442980691883
2025-09-24,0.9292283264245561
2025-09-25,0.926888536089672
2025-09-26,0.9308931829311505
2025-09-29,0.9321542432855789
2025-09-30,0.9317389011319355
2025-10-01,0.9296369556656425
2025-10-02,0.931395220157563
2025-10-03,0.9349183152251036
2025-10-06,0.9296083612227841
2025-10-07,0.9301810111135914
2025-10-08,0.9281616493300942
2025-10-09,0.9235131615420789
2025-10-10,0.9277694832542284
2025-10-13,0.922196092620798
2025-10-14,0.9313094534521205
2025-10-15,0.9277169767369534
2025-10-16,0.9245835753657912
2025-10-17,0.9245299496642072
2025-10-20,0.9240983572917331
2025-10-21,0.9297592261821691
2025-10-22,0.9294782980430235
2025-10-23,0.9289679139749414
2025-10-24,0.9238375760295834
2025-10-27,0.9153880471077739
2025-10-28,0.9053315899056703
2025-10-29,0.8941022361722973
2025-10-30,0.898690844810825
2025-10-31,0.8978660441491899
2025-11-03,0.893112686419466
2025-11-04,0.8995998147936172
2025-11-05,0.9004189769879487
2025-11-06,0.9042219093090943
2025-11-07,0.9132251888885706
2025-11-10,0.902657938457478
2025-11-11,0.9064021173270449
2025-11-12,0.9101746385832953
2025-11-13,0.9154747385921274
2025-11-14,0.9132167745867829
2025-11-17,0.9070280424541942
2025-11-18,0.9143633653453027
2025-11-19,0.9070031831513282
2025-11-20,0.910028578388188
2025-11-21,0.9179363068393878
2025-11-24,0.9047618715118839
2025-11-25,0.9090378403353119
2025-11-26,0.9096518414540807
2025-11-28,0.9100026189806838
2025-12-01,0.9092432454838979
2025-12-02,0.9061774639309068
2025-12-03,0.9091238540784463
2025-12-04,0.9092806056676901
2025-12-05,0.9084340100275532
2025-12-08,0.9076107663582506
2025-12-09,0.9055941314197034
2025-12-10,0.911147470941041
2025-12-11,0.9193673255484028
2025-12-12,0.923431273047222
2025-12-15,0.9259009387726044
2025-12-16,0.921429530785764
2025-12-17,0.9315565890270019
2025-12-18,0.9251607772532736
2025-12-19,0.9201637536843598
2025-12-22,0.9212783705199749
2025-12-23,0.9148218614548541
2025-12-24,0.9155494901660252
2025-12-26,0.9161567111042744
2025-12-29,0.9176601526323995
2025-12-30,0.9172936726472519
2025-12-31,0.9158465086398232
2026-01-02,0.920676476305276
2026-01-05,0.9228420532565855
2026-01-06,0.9294326444151658
2026-01-07,0.9205449579810101
2026-01-08,0.9276987234737276
2026-01-09,0.9266035287217272
2026-01-12,0.9249528070668034
2026-01-13,0.9261944331433742
2026-01-14,0.9343476835045046
2026-01-15,0.9373304518386145
2026-01-16,0.9357082491731333
2026-01-20,0.9414628359677337
2026-01-21,0.9449189945115695
2026-01-22,0.9410371006912805
2026-01-23,0.9370898224273284
2026-01-26,0.9345483882704971
2026-01-27,0.9296652726476361
2026-01-28,0.9264967864640689
2026-01-29,0.9278510623907069
2026-01-30,0.9292660392377319
2026-02-02,0.9281408186084326
2026-02-03,0.9327134507326538
2026-02-04,0.9478401125405376
2026-02-05,0.9503943226852367
2026-02-06,0.9530610793223494
2026-02-09,0.9492071802677217
2026-02-10,0.9568233881442496
2026-02-11,0.958755976743882
2026-02-12,0.9589046835042511
2026-02-13,0.969353106318152
2026-02-17,0.9679127955603708
2026-02-18,0.9687666022895436
2026-02-19,0.9685175542634339
2026-02-20,0.9647698663729027
2026-02-23,0.962485415654338
2026-02-24,0.9637427315610168
2026-02-25,0.95752391303318
2026-02-26,0.9712078723073245
2026-02-27,0.9750242968587067
2026-03-02,0.9735936616495309
2026-03-03,0.97256435212608
2026-03-04,0.9695053360154988
2026-03-05,0.9666601606032862
2026-03-06,0.9670625340743774
2026-03-09,0.9604826470946977
2026-03-10,0.9536762122654466
2026-03-11,0.9499726090737056
2026-03-12,0.9490832633267267
2026-03-13,0.9544446448411852
2026-03-16,0.9518304877540711
2026-03-17,0.9536965318478862
2026-03-18,0.9534497087937818
2026-03-19,0.9554189254913052
2026-03-20,0.9572450749240635
2026-03-23,0.9570378515320213
2026-03-24,0.9634030355494615
2026-03-25,0.9626489437973305
2026-03-26,0.9721970956696825
2026-03-27,0.9757774056168709
2026-03-30,0.9778040824250341
2026-03-31,0.968778164370935
2026-04-01,0.9632880548096922
2026-04-02,0.9654073000765268
2026-04-06,0.9650439019138093
2026-04-07,0.9607306193038074
2026-04-08,0.9585696902650775
2026-04-09,0.9526556841716747
2026-04-10,0.946059689809095
2026-04-13,0.9474785526689306
2026-04-14,0.9382472230112407
2026-04-15,0.9306639956073207
2026-04-16,0.9329374245598073
2026-04-17,0.9325230254293504
2026-04-20,0.9378610561050297
2026-04-21,0.9383308174932637
2026-04-22,0.9275351696941012
2026-04-23,0.9308892977089792
2026-04-24,0.9212025162963294
2026-04-27,0.9174959028866455
2026-04-28,0.9183670311302012
2026-04-29,0.9160700295664452
2026-04-30,0.9140542063119277
2026-05-01,0.9084616271469991
2026-05-04,0.906212813882548
2026-05-05,0.9046079345815284
2026-05-06,0.8975460575939205
2026-05-07,0.8960726624229363
2026-05-08,0.8887371510932753
2026-05-11,0.8868320113933997
2026-05-12,0.8890157828574509
2026-05-13,0.8763244629877963
2026-05-14,0.8739830052290589
2026-05-15,0.8763510576117158
2026-05-18,0.8844544634079048
2026-05-19,0.886474922019745
2026-05-20,0.8872945112466849
2026-05-21,0.8893488771254754
2026-05-22,0.8945128842961309
2026-05-26,0.8908153273664987
2026-05-27,0.89039661637518
2026-05-28,0.8881501328295157
2026-05-29,0.8881344738017111
2026-06-01,0.8874503569129252
2026-06-02,0.8906935572650142
2026-06-03,0.893190964339935
2026-06-04,0.8957625217368737
2026-06-05,0.9115805184235101
2026-06-08,0.9068676691901352
2026-06-09,0.9180201376690902
2026-06-10,0.9224911268964725
2026-06-11,0.9197423412820533
2026-06-12,0.9225409773111306
2026-06-15,0.9094115975466783
2026-06-16,0.9127792581418842
2026-06-17,0.9096900839315006
2026-06-18,0.9023779775712542
2026-06-22,0.9090282360873367
2026-06-23,0.9204247458879454
2026-06-24,0.928532400650325
2026-06-25,0.934452241490084
2026-06-26,0.9417633885798642
2026-06-29,0.9291273713669308
2026-06-30,0.920889295945541
2026-07-01,0.9257151660891532
2026-07-02,0.9347409862726911
2026-07-06,0.926510878735828
2026-07-07,0.9302641655717314
2026-07-08,0.9232392426548528
2026-07-09,0.9218302411599375
2026-07-10,0.9218101245388117
2026-07-13,0.9298834325747642
2026-07-14,0.9216760137067381
2026-07-15,0.9149664908719001
2026-07-16,0.9319642856297885
2026-07-17,0.9351168291053122
2026-07-20,0.9318395847220814
2026-07-21,0.9269400370722862
2026-07-22,0.9289533402741287
2026-07-23,0.9410602354740516
2026-07-24,0.9482788928409484
2026-07-27,0.9543372786191708
2026-07-28,0.9621461223879128
2026-07-29,0.967320960091012
2026-07-30,0.9527715461273485
2026-07-31,0.9406768086446333
2026-08-03,0.9342642690796256
2026-08-04,0.9317615171536109
2026-08-05,0.934128657072249
2026-08-06,0.9319156280842438
2026-08-07,0.9333737951220963
2026-08-10,0.9332181042488976
2026-08-11,0.9401093378339942
2026-08-12,0.9392479707495933
2026-08-13,0.939887566637837
2026-08-14,0.9422231966004414
2026-08-17,0.9388435803762885
2026-08-18,0.9413101082974789
2026-08-19,0.9480864915070456
2026-08-20,0.9504125990441891
2026-08-21,0.9508943478468425
2026-08-24,0.954272541375135
2026-08-25,0.9504546531648946
2026-08-26,0.9534565900184151
2026-08-27,0.9445166391349314
2026-08-28,0.9427221709964921
2026-08-31,0.9408395158132262
2026-09-01,0.9408638931233219
2026-09-02,0.9402525642206154
2026-09-03,0.935815130598052
2026-09-04,0.9357774203515119
2026-09-08,0.9313646361080596
2026-09-09,0.9279857619126823
2026-09-10,0.9266038596575751
2026-09-11,0.9251795318369189
2026-09-14,0.9280590511383757
2026-09-15,0.9278971590507923
2026-09-16,0.9247830473433909
2026-09-17,0.9181928817475679
2026-09-18,0.9126837621475834
2026-09-21,0.9029593569882524
2026-09-22,0.9036230182882924
2026-09-23,0.9058875469693985
2026-09-24,0.9001675118844896
2026-09-25,0.8995063505752039
2026-09-28,0.9008246503136691
2026-09-29,0.9011225758283835
2026-09-30,0.8963783573713991
