Industry,n,market_cap,cw_1W,ew_1W,med_1W,cw_1M,ew_1M,med_1M,cw_3M,ew_3M,med_3M,pct_positive_3M,cw_6M,ew_6M,med_6M,cw_12M,ew_12M,med_12M,pct_above_50dma,pct_above_200dma,pct_within_5pct_of_52wh,median_pct_from_52wh,median_pe,median_fwd_pe,median_div_yield,median_cy_growth,median_ny_growth,median_cq_growth,median_nq_growth,fwd_pe_over_ny_growth,Sector,rs_3m
oil-gas-refining-marketing,3,341534425088.0,1.5419622756717377,1.496042540602549,1.8126598837254981,5.8651771988420975,5.817901254206951,5.919855799296148,47.035056947371025,47.065560309103915,47.0860007621539,100.0,54.28602609472151,54.380045680766834,58.230803470930816,107.93746660158381,108.5501687826081,104.62396498637192,100.0,100.0,0.0,-6.8925256137432385,15.090235,10.258074,1.2022394,350.68,-14.069999999999999,414.78999999999996,247.77999999999997,-0.7290742004264393,energy,45.151799542177784
biotechnology,5,314620434432.0,0.21986692193176616,-0.22862110445625697,-0.06894018846878014,3.5251190341654137,5.365261064178863,-1.51761299144334,27.697069239417193,40.184294460788976,6.625077829076886,100.0,34.9948890642799,72.51404990270684,28.931146337570524,68.02222107730871,162.52140007426604,39.53766594798047,60.0,100.0,20.0,-6.299738875518413,18.179367,13.183306,0.0,-12.109999,24.33,-125.41001,8.32,0.5418539251952322,healthcare,25.813811834223955
software-infrastructure,15,5709123351552.0,1.1267763193014035,-1.8277500689982542,-1.5399056255750998,0.9446808618320146,-0.767906250962959,-1.0578024830460664,27.453495834432353,12.375166491071694,10.526717728443646,66.66666666666666,40.27359619583881,51.023101763106304,27.87120905980698,-0.10869228203923553,26.65203565419507,4.579001684813955,53.333333333333336,73.33333333333333,40.0,-8.76198171705791,35.4377,21.685333,0.0,17.26,19.74,18.25,14.02,1.098547771023303,technology,25.57023842923911
diagnostics-research,10,625948397568.0,1.3614097500313393,2.3111722990454164,1.3028337193849437,4.9733707674624705,3.442037046582576,3.428962835755056,20.737835529464043,18.94645229430089,16.196867336901754,90.0,28.630867028205298,35.4562446411971,28.75465378869042,31.377384795452468,39.52283566451916,36.72056344234831,70.0,90.0,60.0,-2.2319045901403047,34.250727999999995,23.2255375,0.0915691,10.58999975,9.895000000000001,9.845,9.91,2.347199343102577,healthcare,18.8545781242708
oil-gas-e-p,9,478028257280.0,-2.942674894201369,-3.3402740976132175,-3.389251547113048,-6.9524245145273555,-8.023314889283201,-7.6539660834244465,10.421384156093993,7.296871496763363,7.926261584910432,66.66666666666666,-9.702185668627529,-12.458448612622972,-7.258021447184316,22.57659446146212,21.770613750837107,25.75993387331037,11.11111111111111,66.66666666666667,0.0,-13.104524833673947,11.62181,9.887312,2.3121702,56.410000000000004,-8.74,48.380002,61.199999999999996,-1.1312713958810068,energy,8.538126750900753
software-application,15,1152435309568.0,-1.772954292532003,-3.4732684719587175,-3.371493579047924,-11.125912430207329,-13.526021029331789,-10.703623467964507,8.915380415347695,6.581408656644591,4.625553537872085,66.66666666666666,10.73360278798905,11.959296272233285,-0.7575627557778741,-23.897280741547167,-21.639271576664633,-29.638481049623966,33.333333333333336,40.0,6.666666666666667,-31.558438381053122,21.265947,15.34358,0.0,15.86,13.08,10.9799996,12.280000000000001,1.1730565749235473,technology,7.032123010154455
specialty-business-services,3,124671295488.0,-0.6705483623906439,-2.2238782209379693,-2.7738117036365306,-7.672832801540874,-10.230501867420017,-10.04807984395163,7.691151294583354,5.376764285942052,9.128886499290822,66.66666666666666,7.884695246147033,6.756547716539374,15.938541594961508,-13.64970820869572,-15.461526272378409,-4.172195259855371,0.0,66.66666666666667,0.0,-13.633632945541985,38.052135,15.588763,0.9586794,11.9249995,11.1999996,9.91,8.4,1.3918538889947818,industrials,5.807893889390114
semiconductors,13,10954824886272.0,0.2517924088360157,-0.24591000587427078,-0.46183887940735024,6.692062648245223,11.503513295640152,7.351190987916367,7.533053857759242,0.4741535466051426,1.3125788261027838,53.84615384615385,50.328204696170054,69.3105944766654,31.251172894568757,52.02850308896636,107.76780896751805,53.24454259220857,84.61538461538461,69.23076923076923,15.384615384615385,-15.275046717402619,43.088085,17.728107,0.74033993,65.529996,26.779999999999998,63.2,69.269997,0.6619905526512324,technology,5.649796452566003
drug-manufacturers-general,9,3184663058432.0,-0.2672027397514376,0.05401556200035598,-0.7251764186422149,-0.13552298349319702,-0.12220485366546902,0.030255599132633648,5.880342556458595,11.206047948574332,11.807919710501324,88.88888888888889,18.08351072354575,15.914343566557795,21.40825076198576,49.60302963161667,50.38012515591424,49.05082117552559,66.66666666666667,100.0,55.55555555555556,-4.916856230121591,37.0,15.085429,2.2847705,2.7,16.07,-11.37,20.19,0.9387323584318605,healthcare,3.997085151265356
financial-data-stock-exchanges,10,576047849472.0,-3.1713523745860117,-2.8397280769816957,-3.1617087637836994,-7.706650326747488,-8.273343000170286,-8.052605948539455,5.225638347771988,5.912613471286362,10.894688700377909,60.0,-1.4057340656775885,1.1398912260022032,-0.43397099795544625,-16.32168500089205,-12.87106281528207,-5.098501474459449,10.0,30.0,0.0,-16.03583854085452,21.913062,19.393791,1.01234885,11.475,11.14,10.184999999999999,10.530000000000001,1.7409148114901256,financial-services,3.3423809425787487
medical-care-facilities,3,113233719296.0,-2.617091222770318,-3.550207613516987,-3.9307596376889298,2.7011621310785383,1.654495401032378,2.42754923028905,4.956879270411596,0.4300564787708276,8.719058887777177,66.66666666666666,-6.970661337047169,0.6507254543261214,-2.38277995867362,2.889456207679264,7.688623078615047,2.0761509376886034,66.66666666666667,33.333333333333336,0.0,-27.407041295173272,14.19343,10.2871,0.45908414999999997,4.5300003,8.57,-4.32,0.47999998000000005,1.2003617269544924,healthcare,3.0736218652183567
telecom-services,5,622511511552.0,-2.373485321821156,-2.9823910734782766,-3.503321662558445,-9.918146731748124,-13.835949066918978,-9.620926831891852,4.600599568487929,-0.4762599887684682,-5.222914719599747,40.0,-16.320551826277075,-22.375195123529465,-21.482086898132014,-15.315344862713564,-21.645220003344306,-22.697081158494825,0.0,20.0,0.0,-30.434842321264476,8.019802,8.707575,4.5491803,9.3100004,9.86,7.140000000000001,5.7800002,0.883121196754564,communication-services,2.7173421632946893
medical-distribution,4,226652834816.0,-2.3571677308638517,-1.8993768870338157,-2.1505379544341507,-4.99187743975763,-5.582591154016245,-5.829002380791176,4.30622854394358,2.1332391879186647,1.8264001879778502,50.0,0.18049723345734403,3.644778953555636,2.329966034921538,14.813716369473905,20.824079354855144,19.823614982225635,0.0,75.0,0.0,-12.282874054135634,24.43869,15.995991499999999,0.5834207499999999,12.959999999999999,11.64,12.215000250000001,15.310000000000002,1.3742260738831613,healthcare,2.4229711387503405
oil-gas-equipment-services,3,153991133184.0,-5.421809510669551,-5.044060246390477,-5.393757227743823,-15.9322185601399,-15.143171968280091,-13.611326223489883,4.143739686464998,2.5915679129164078,2.3819586669215465,66.66666666666666,-8.683249678495242,-10.45286890800423,-9.441062747701888,26.92613154234258,27.411822633254708,29.77556750294037,0.0,0.0,0.0,-20.64557401462198,17.884245,15.062217,2.1383649,-3.05,23.629998999999998,-8.8599995,-6.9699995,0.6374192821590895,energy,2.2604822812717584
computer-hardware,7,1302425225216.0,-2.052530829110777,-2.0137307267994915,-2.1606686636883365,9.782071637696266,8.681223018582457,10.166311801576766,3.360198367589118,14.759868571315234,22.188214082410298,71.42857142857143,125.02318190839539,117.09609465431119,80.36890148950775,200.2002765568657,341.2648600964835,290.01870770436324,85.71428571428571,100.0,14.285714285714286,-15.566387154860806,24.233294,14.569035,0.11002068999999999,96.589994,23.18,153.17999,104.0,0.628517471958585,technology,1.4769409623958785
medical-instruments-supplies,8,298253078528.0,0.5308210373027755,-0.11213915149461823,-0.3943821621026966,0.8492533165421534,-4.359351222659511,-5.987026723121636,3.289488593480816,1.572260152622286,5.952628332181598,75.0,-0.6400848392719927,11.570682034408451,7.197670665359346,0.8103090606394359,9.099826284614375,11.232342204825475,50.0,50.0,25.0,-18.217757952637793,23.208228,12.808686999999999,0.117326575,9.069999750000001,7.425000000000001,3.65500005,9.6199995,1.7250756902356899,healthcare,1.4062311882875766
internet-retail,3,2803543494656.0,-0.18159454029325062,-1.9523222746741158,-2.7866838282007866,-4.553363258031917,-7.492892816747106,-4.0882301906816965,2.7712972447176076,-1.3815057326163394,-2.816748135207403,33.33333333333333,19.65863398000698,19.6879658661839,19.628361638934756,10.170344530455221,-0.8982570934769988,12.143851982670784,0.0,66.66666666666667,0.0,-12.277303170907782,22.245796,22.369257,0.0,21.39,9.45,3.6999999999999997,24.97,2.3671171428571434,consumer-cyclical,0.8880398395243683
agricultural-inputs,3,32571574784.0,-5.726257098847931,-6.371655685245985,-4.509285866154455,-10.159804959650575,-9.645943462926454,-9.480671796993867,2.174194382980521,0.9029445721888352,2.503585555480714,66.66666666666666,-10.221243404992752,-10.263465045192389,-10.45416795850247,4.444759082841676,3.417209556123698,15.655267170124954,0.0,33.333333333333336,0.0,-17.282980243993794,7.6181817,10.3641,1.7361112,12.629999999999999,30.320000000000004,-66.53999999999999,38.519999999999996,0.3418238786279683,basic-materials,0.29093697778728167
medical-devices,10,602049839104.0,-2.1178550706623,-1.7909299850753446,-1.8198069979919684,-9.230864872349898,-8.979153568841976,-9.539681530536976,1.9236865781342205,1.4027705656904277,1.1067157900353952,60.0,-7.168345087340455,-5.366360014237346,-3.450428484587448,-22.779511775807247,-15.755744315534331,-12.033697129446564,10.0,20.0,0.0,-23.01407199694551,25.072512500000002,16.1338005,0.64744071,8.9400001,9.88000025,9.6000002,9.959999999999999,1.6329757177890758,healthcare,0.04042917294098114
entertainment,10,699159729152.0,-0.8376490496046496,-0.1281097621197913,0.3887122621416772,-7.174441159625089,-4.662823582682736,-5.967417705471573,1.4046484372053136,5.541531526367584,9.186306757381523,70.0,-9.700271139110006,5.240540498162079,10.341554913385497,-22.68391780306872,-5.357398094362411,-7.128292972361572,30.0,50.0,10.0,-13.110156040949612,21.494093499999998,18.3698475,0.7959674999999999,10.615,11.2949998,46.389998,23.1099995,1.626369882715713,communication-services,-0.47860896798792574
insurance-life,4,167470389248.0,-3.052255329626763,-2.8421927705386456,-3.060790534409319,-2.6699937638130944,-3.0145855097793772,-3.465763946596506,1.1707234742004635,-0.2340707694394345,-0.8737159214904644,50.0,17.962793166798008,19.16583330495436,19.36843986721527,11.62207424519237,13.007874831780208,15.770028815103865,0.0,75.0,0.0,-9.566473678737818,11.5024075,9.260994,2.28326155,4.28999975,6.404999999999999,-8.48000005,6.9349997,1.4459007025761126,financial-services,-0.7125339309927758
asset-management,13,727432293376.0,-3.358761455815651,-2.780385588377119,-2.0764140623278693,-13.043467071747816,-10.36798643257238,-8.773125779363877,0.8398355815170122,0.7030978989744227,-0.10746454663485006,46.15384615384615,9.74928241317583,16.62667181596169,11.541841832388178,-13.194271683986624,6.624615831424727,-0.14075827617936465,0.0,61.53846153846154,0.0,-12.782861982318739,15.988604,11.2528515,2.067486,18.42,14.42,14.829998999999999,17.01,0.7803641816920943,financial-services,-1.0434218236762272
credit-services,6,1549344690176.0,-0.7571970846278253,-0.4147904314081889,-0.28384372578825756,-6.260930006332332,-6.255186281210355,-7.158503793417282,0.8358848339844238,0.4715488936892868,-1.4319182183836376,50.0,12.628374861938108,9.985887217461997,8.70302585127466,-1.5792852317485395,-7.289531062759156,-6.270709042267103,0.0,50.0,0.0,-19.562620968958793,14.6160245,12.07152525,1.1150741,9.095,13.69,4.3250002499999995,11.89,0.8817768626734843,financial-services,-1.0473725712088156
communication-equipment,6,754004168704.0,0.9723625044974593,0.6020101568635288,0.872359247850174,-0.03360240167289419,2.637944079124475,1.5002792027202339,0.06465435708526979,13.579322912344471,13.97949466453855,66.66666666666666,37.848113238460556,53.4174565719737,39.098115499593874,78.40377579913604,149.706878653258,103.17041101634902,50.0,83.33333333333333,33.333333333333336,-8.375579615995393,33.772525,21.2018535,0.43668807499999995,65.02000100000001,16.1299995,68.74,39.98500000000001,1.314436091582024,technology,-1.8186030481079696
specialty-retail,5,108303001600.0,-0.4867907497502544,-0.7134724116218538,0.04828188099350594,-4.507845340388272,-3.330507209827005,-0.13581492161829356,-0.5638296760848593,2.2190783276577775,0.2415402044827708,60.0,0.4373356107356452,4.997507039798665,4.488140642294258,-2.7778929995202373,1.450530235557832,8.849182709231762,40.0,40.0,0.0,-22.728562116150208,19.575172,16.758385,1.2459419,11.3000005,9.1000006,8.8199995,8.140001,1.8415806478078696,consumer-cyclical,-2.4470870812780987
farm-products,3,76562665472.0,-3.157844849125968,-3.017149259945699,-3.3718858441996846,-5.125485298259669,-5.940994505440008,-7.505031448385379,-0.6423811622945585,-1.9442983688083355,2.6068732694242147,66.66666666666666,-5.275544802474597,-7.99524181272651,-14.88089798538027,23.489252880432577,21.82547705580745,33.0745473396862,0.0,33.333333333333336,0.0,-18.10034324107207,22.976294,12.226438,2.5951121,27.01,11.3800004,9.2700005,57.47,1.0743793998460667,consumer-defensive,-2.525638567487798
railroads,4,366358528000.0,-1.4767184796356414,-1.5768942477608268,-1.5828574047149269,-7.9859621009599095,-6.707885048437179,-8.705680415403766,-0.9986321938334597,0.2700557180707108,-2.1550125103740267,25.0,12.746515621211385,12.739864667173094,13.61415247487564,20.978707919601504,25.025516383835942,24.562901261403923,0.0,75.0,0.0,-12.185023381634124,26.870416499999997,21.06595,1.45430675,16.53999925,12.15,14.645000999999999,20.26,1.7338230452674896,industrials,-2.881889599026699
reit-healthcare-facilities,3,220257559552.0,-0.2922862565514106,-1.2028063767582773,-1.2791486422068177,-3.3384196248462117,-4.107449806164646,-3.598233615500268,-1.0579498010040767,-3.5213323452977376,-4.593700897554076,33.33333333333333,15.173018217488998,15.94154018796985,17.292069827956457,29.95529577799807,23.87080328198973,26.767563585466814,0.0,100.0,0.0,-11.613473949942488,102.22523,105.98734,2.3523878000000003,64.14500000000001,55.559999999999995,14.39,5.1499999999999995,1.9076195104391651,real-estate,-2.941207206197316
internet-content-information,3,10082136096768.0,0.962688976594861,0.3422918674885089,1.7194993907508005,5.406045511613566,9.972819965025941,1.6550517572406331,-1.1664639129102095,2.99986058064106,-4.681166529117831,33.33333333333333,20.693172231452174,21.901100641601225,19.803451076665702,30.164082266249714,26.34665263101662,39.80581843497772,66.66666666666667,100.0,0.0,-14.433757994315277,16.97992,22.22268,0.24945708,32.689997999999996,9.3,5.5999998,18.78,2.3895354838709677,communication-services,-3.049721318103449
oil-gas-midstream,4,267491123200.0,-4.591244972248787,-4.653219349284302,-4.451585599143865,-8.531661197544317,-8.598310604020988,-8.362132930948658,-1.7675899688888608,-0.9975912876445309,-1.7058831153867748,50.0,-2.893770376908378,-2.043725714355635,-4.315856925424,21.48529423251697,26.578757449170176,16.763492220325716,0.0,50.0,0.0,-11.927971415490834,23.199726,21.444437999999998,3.4649003499999997,18.0,5.41500015,10.999999999999998,4.710000249999999,3.960191580050094,energy,-3.6508473740821
beverages-non-alcoholic,4,666337230848.0,-2.8456359120645813,-3.483294133248349,-3.218105170815655,-5.074450211171544,-6.131630880275657,-6.410380944096578,-1.866743258315695,-6.415251962916665,-8.845637757446761,25.0,4.652977781507128,7.4275151222507745,14.73820636561819,19.012345245316876,18.53722205867078,23.13545063547299,0.0,50.0,0.0,-12.743084700435148,28.427928,19.246474499999998,2.72432865,10.954999800000001,8.6749998,9.76,12.1300005,2.2186138263657362,consumer-defensive,-3.7500006635089345
discount-stores,5,1354167912448.0,-3.569676733551863,-1.033493208442371,0.2751874758011086,-2.0524132905699544,-4.53025015905828,-3.554438257879544,-2.208733093395576,2.792876950134675,-1.3932075010657297,40.0,-11.557656307174568,2.5898496247004377,1.7096150222165152,4.094901176803134,24.92359610923692,18.523811363898112,20.0,20.0,0.0,-19.255016484699773,16.255186,16.412243,0.9285989,15.479999999999999,5.8500000000000005,8.930001,6.12,2.805511623931624,consumer-defensive,-4.091990498588816
household-personal-products,7,530939158528.0,-1.5496598164076558,-1.9959063644708341,-1.4315765106786116,-2.6959778915252475,-7.2659574516674486,-5.57225659111491,-2.375285611423883,-4.452433386288678,-6.518817340004446,14.285714285714285,3.15222522987042,3.5677746848606904,2.0954341340240212,-1.106691574805685,-1.490014722689638,5.56455212273792,0.0,28.571428571428573,0.0,-12.908604157778846,21.744713,19.452833,2.9315803000000002,4.97,6.0300004,5.19,0.029999999000000003,3.226008575389149,consumer-defensive,-4.258543016617122
information-technology-services,10,465612910592.0,-3.5572079864482076,-3.0104020977606303,-2.584112556550011,-7.14872605520982,-10.641562746864833,-11.089974404026226,-2.438910079936518,13.531186161050545,16.800632568432007,70.0,-7.503995049637291,-7.141037770633912,-6.78065958388458,-23.106932122575262,-25.000979270296504,-26.406030347726016,30.0,10.0,0.0,-32.634088964278156,16.5560895,11.545302,1.8119688500000002,9.07,8.595000749999999,5.7900001,7.37,1.3432578234504517,technology,-4.322167485129757
scientific-technical-instruments,6,239313514496.0,-1.1085838649520396,-1.6809135389934837,-2.4351018921700995,3.437091157379202,0.8826450500333057,0.1750731277082862,-2.71405572979333,-0.5160840534227995,0.12420997589295824,50.0,16.502079777895908,10.27058895746588,10.55973655215059,48.67319519572242,47.06598572537031,15.657385408942147,33.333333333333336,50.0,16.666666666666668,-13.298710133613096,29.595151,22.802159500000002,0.0,17.79,11.33,15.2050008,9.634999500000001,2.0125471756398943,technology,-4.597313134986569
industrial-distribution,3,123840273920.0,-2.4243777459629245,-2.556222808249531,-2.844970575475503,-2.917382661256218,-5.87879086452695,-4.8667787416491475,-3.0312797691494864,-8.963945074720375,-6.728778836895688,33.33333333333333,9.34271823812869,1.2307422254701792,7.90337888037711,10.41674433433679,-3.5249426152876295,3.5520347700256583,0.0,66.66666666666667,0.0,-10.97246071811292,32.66259,25.13496,1.8574602999999998,15.810001000000002,9.8000005,14.149999999999999,16.17,2.5647917058779743,industrials,-4.914537174342726
banks-diversified,5,1814735585280.0,-2.2466624596782836,-2.4336931386164284,-2.2588503536676074,-7.685724443825603,-7.608018108702944,-7.338808175348022,-3.356066213293807,-4.157762102517011,-6.258215177453086,0.0,12.306592285466689,13.24881949201268,13.550812259582855,8.42780342848064,14.367209055789647,6.80065420423559,0.0,60.0,0.0,-12.260368784315844,13.685346,10.175924,1.8535683,21.88,10.67,15.75,17.11,0.9536948453608247,financial-services,-5.239323618487046
reit-specialty,7,333730387968.0,-3.6392067686675245,-4.814942250094404,-3.597184396021591,-6.217118360703655,-8.789467221960214,-5.828234215089267,-3.3855777603366666,-6.997676504310714,-8.275568928846443,28.57142857142857,-1.60494655339819,-4.479097050193946,-2.2434834003916437,1.4908369473190408,-3.2931400941260236,-11.667203122924718,0.0,28.571428571428573,0.0,-15.968672548412755,29.046875,27.644766,3.0437136,21.93,6.140000000000001,6.18,10.33,4.502404885993485,real-estate,-5.2688351655299055
packaging-containers,6,107540301824.0,-4.369269163846501,-4.197219301706773,-4.803380459096173,-6.70783389527938,-6.583467788996029,-6.720707107956281,-4.66845474241484,-4.2338271971664625,-3.232716262894492,16.666666666666664,4.206268311093897,3.6432502828579185,4.324068161376271,2.1058989454108,4.047591569249548,8.756432644247369,0.0,50.0,0.0,-13.35332620419058,18.161755499999998,12.5183785,3.1495235999999998,13.069999999999999,18.945,5.1,20.69,0.6607747954605437,consumer-cyclical,-6.55171214760808
utilities-independent-power-producers,3,159017998336.0,-2.759159693412805,-2.831625977849317,-3.7365470774226917,-6.009807030757952,-6.604541320594744,-7.551765320403492,-4.78407660132989,-11.258056586854341,-9.521695409568009,33.33333333333333,-12.759986399133883,-16.85280785542442,-8.75352955840043,-28.227293787514796,-31.571760185800713,-29.69905658365818,0.0,0.0,0.0,-36.76445149380642,24.824545,13.482081,0.65775206,29.330000000000002,9.689999,23.45,156.85,1.391339772068088,utilities,-6.667334006523129
insurance-diversified,3,105665536000.0,-2.5521097032150664,-2.6062370454106754,-2.9424158722187066,-6.016408618826119,-6.0866189975292695,-5.8223708598359565,-5.445392850763686,-5.560447883242144,-6.281077878967989,0.0,-4.0160941624413855,-4.0857392977634435,-3.781641144080139,-1.9263142493547214,-1.705800862322367,-2.1139614662668005,0.0,0.0,0.0,-13.260708397284803,8.6837015,9.176508,1.8960444,-3.9,7.380000000000001,-18.55,-16.72,1.2434292682926829,financial-services,-7.3286502559569255
insurance-property-casualty,8,467500741632.0,-0.8663067571712868,-0.9643799347389668,-1.1881923605126077,-5.134224417401123,-5.050153790540855,-4.2955449933315295,-5.7755456735080095,-5.917559490334737,-7.596605611964674,12.5,6.274262765128791,7.669155676720239,3.8214154969829828,6.756579710421828,8.862118586895756,6.027928730474386,0.0,25.0,0.0,-11.970633631461514,11.163052,12.4374965,1.2422814500000001,9.56999995,-0.315,-14.3900005,-8.094999999999999,-39.484115873015874,financial-services,-7.658803078701249
apparel-retail,3,232653038592.0,-0.025300700759245398,-1.8849899947066096,-0.24788522166229177,-1.1586044073773505,-6.295292260137169,-1.1948368753337268,-6.358675230115196,-6.435883807280285,-12.304286669587473,33.33333333333333,-11.38728432767958,-15.209293401522919,-16.6172826755805,3.084228724613336,0.6638977055867912,-6.686021641226225,0.0,33.333333333333336,0.0,-21.187900169820516,24.738888,23.138397,0.72836336,10.99,2.0599999,4.4099998000000005,4.54,11.232232098652043,consumer-cyclical,-8.241932635308435
travel-services,6,360685874688.0,7.756455852298405,7.4932442333456635,5.948597582033866,-11.41185388700997,-9.029818842626126,-10.744145082333995,-6.454852637095798,-9.516908897587355,-11.637105883277338,16.666666666666664,4.668156973640958,1.8144551743965158,-2.549458011565664,-9.296166371368919,-7.765897384190207,-16.094167727675448,0.0,33.333333333333336,0.0,-23.826905372870005,16.593042500000003,11.838170999999999,0.8276674500000001,14.274999500000002,15.6000005,11.6499998,19.555000500000002,0.7588570910622726,consumer-cyclical,-8.338110042289038
insurance-brokers,6,259334190080.0,-1.0650883144096346,-1.6136397433049416,-1.505900038546576,-12.688332098372824,-13.526728562771481,-14.082704411084757,-6.94446841242331,-6.6499422319045305,-6.974980170610273,16.666666666666664,-3.5020273013028347,-4.407245374384184,-3.3103994801071233,-20.63636250154004,-22.657902200281196,-23.03723890610402,0.0,0.0,0.0,-26.453273670909628,19.9449975,14.342015,1.14372205,8.17,9.32,7.895,5.975,1.5388428111587982,financial-services,-8.82772581761655
reit-industrial,3,207039817728.0,-2.4519146306136053,-2.0577068847837094,-1.740886054100299,-6.4764399073269585,-6.36317427709739,-6.467366494800208,-7.054381980289226,-8.5146286456104,-9.663743027182726,0.0,1.7795834673031363,2.9223296804794003,2.5723543846549513,9.868482602642302,5.5575311214024,2.084897184291745,0.0,0.0,0.0,-12.949775805225572,28.547884,27.76849,4.2426813,-2.29,2.2800000000000002,-2.6099999,-13.600000000000001,12.179162280701753,real-estate,-8.937639385482466
engineering-construction,4,209212845056.0,0.7726623398579768,-0.21379415543339442,0.7782099299252443,4.292827989308123,1.5807624035059364,4.275187236404909,-7.109455380821239,-3.921796896548016,-6.609585010412067,25.0,14.345789656378782,11.574312710535018,11.971764108305027,50.96783119842638,43.49922365837348,37.59560274096605,25.0,75.0,0.0,-19.03998925394772,43.8529385,24.4657135,0.121668513,41.36,15.935000500000001,38.33,30.130000499999998,1.5353443823236779,industrials,-8.99271278601448
capital-markets,5,972618956800.0,-4.820415255980414,-5.165859133952379,-5.1968333032474945,-10.072529492931581,-7.8846219705897,-11.807232459582206,-7.123060073180342,-4.885064837367139,-8.313856328946168,40.0,16.163710673303356,23.51433365429839,15.532380156117597,10.361189811760841,8.530791356984501,14.170591156307587,20.0,40.0,0.0,-17.254285356189914,17.918034,13.802668,1.2072846,26.11,18.26,20.61,9.659999599999999,0.7558963855421686,financial-services,-9.006317478373582
specialty-industrial-machinery,17,1061207003648.0,-1.3174973494194608,-1.5184374855455136,-1.4563114570641855,0.9912497399487741,-1.273939168543957,-2.4524237800555793,-7.127172511729174,-7.384694219601872,-8.39486123326142,29.411764705882355,7.6061507753028,2.558264889076157,5.948904422392776,21.727659514908293,11.973024869089093,21.884755103545817,29.41176470588235,47.05882352941177,11.764705882352942,-19.09759442952238,31.095041,21.055384,1.25192385,11.020000000000001,10.79,10.47,10.42,1.9513794253938834,industrials,-9.010429916922414
specialty-chemicals,9,524170636288.0,-0.7719694666594612,-2.3030971255058907,-2.6017917995090123,-5.013845184863463,-7.39736278146778,-4.58664403556579,-7.806263223766985,-6.198650267457795,-6.366942311811041,22.22222222222222,-3.6602406471424653,-6.559341976104814,-3.021199936262542,3.971535809813309,14.518221224943092,5.606636565956813,11.11111111111111,22.22222222222222,11.11111111111111,-12.88360392631005,29.619576,18.932787,1.9166267000000001,8.61,9.71,5.04,12.65,1.9498235839340885,basic-materials,-9.689520628960224
auto-parts,4,140756756480.0,-1.040356327562486,-2.036032903124163,-1.457937313253771,-4.682786471333966,-4.923117838585273,-4.6385659550923,-9.34537734864611,-10.152547811314186,-9.957394307512835,25.0,-10.764147777292553,-10.151103894181752,-11.845687571211188,-26.727533150063365,-27.654093540406173,-27.184252028743366,0.0,25.0,0.0,-27.406574738915978,23.4447885,14.8517705,0.0,7.71,11.8749995,5.965,11.85,1.2506754631863355,consumer-cyclical,-11.22863475383935
packaged-foods,7,90919825920.0,-5.21346915827513,-4.932528621604653,-4.497694665805929,-13.681701002224022,-13.84085237290095,-14.422721355156042,-9.629808094163028,-9.430390213948932,-11.509229833426705,14.285714285714285,-1.7288302888189944,-2.2090178568370904,-7.845909204124524,-16.860554393593354,-16.564965131417573,-19.604925591750778,0.0,14.285714285714286,0.0,-30.388367881815636,7.663194,10.618128,5.8575723,-13.270001,4.5100003,-13.87,-2.6099999,2.3543519498213783,consumer-defensive,-11.513065499356268
reit-retail,5,164648909824.0,-1.5026247233046242,-1.1422581399590448,-1.1687145115944708,-6.611859197086057,-6.032017455057328,-5.2169428382864975,-9.766098190636697,-9.79068293646034,-10.065611143566432,0.0,1.28381756529512,0.6214529035986427,1.1085138360396263,5.599819154376173,6.431050657947315,7.384897549200242,0.0,20.0,0.0,-14.81022610658609,24.175085,29.545351,4.3833435,-1.0299999,1.8399999999999999,4.52,8.870000000000001,16.05725597826087,real-estate,-11.649355595829936
banks-regional,9,412961845248.0,-0.9473562154973858,-1.0687242824501029,-0.9017195149959578,-6.5541143776779105,-6.796835993694679,-6.615575782289895,-9.898102486252458,-10.666787785568918,-10.96415480492412,0.0,7.365323443953642,6.190781251063598,6.6829322228427746,12.46223495500307,11.291303547533687,12.877061685838132,0.0,11.11111111111111,0.0,-14.47858344080526,11.684615,9.755769,3.601108,13.569999999999999,14.039999,7.510000499999999,11.709999999999999,0.6948553913714667,financial-services,-11.781359891445698
residential-construction,4,96686226432.0,-1.7369815263623134,-1.5137737539873104,-1.8148618534707395,-5.071436348491831,-4.733915318458331,-4.23393033748749,-10.382732507605708,-9.52515158664026,-9.820337895029297,0.0,-2.350853073326342,-3.075091875400446,-2.938110118006793,-22.16073011497527,-22.360481157836595,-21.272825798553967,0.0,0.0,0.0,-22.849496665678426,14.54448,13.5387925,1.0711336999999999,-13.719999999999999,9.559999999999999,-9.079999999999998,-1.865,1.4161916841004185,consumer-cyclical,-12.265989912798947
building-products-equipment,6,270522412032.0,1.4571323212696718,-0.6972652635234982,-0.7752971856535895,1.0952538158396363,-3.9330493488455853,-6.183834261425392,-10.502671025268008,-19.0987185923749,-20.34310315593939,16.666666666666664,5.405532512000466,-3.314210426137939,3.5413935279989763,7.667415039270353,-7.078835863218693,-3.8869083653620518,16.666666666666668,33.333333333333336,16.666666666666668,-22.884320067856663,36.82053500000001,15.668028499999998,1.27898035,12.834999999999999,14.924999999999999,10.89,19.695,1.0497841541038526,industrials,-12.385928430461247
restaurants,6,382590278656.0,-2.513292376727738,-2.8590644742406117,-2.687003796502596,-11.955379428219059,-11.93276532254764,-11.657119346458428,-11.078707162758938,-8.43623229820143,-8.65651704424163,0.0,-12.3922916975444,-7.583668565973876,-5.812154219389642,-11.826372893286274,-10.860720055286148,-14.818956852491445,0.0,0.0,0.0,-21.381399099796084,19.055198,18.177118,2.5646624,5.815,9.965,6.4399998,12.2250005,1.824096136477672,consumer-cyclical,-12.961964567952178
farm-heavy-construction-machinery,3,617631137792.0,-1.8258707785038797,-2.4352861913044683,-2.0340787347551514,0.581293447755793,-2.360169397999164,1.6702832474650542,-11.142324108240508,-6.667154073256425,-9.187755951372178,33.33333333333333,14.09161318305674,10.10245214782814,14.874592481775185,57.077940987862455,44.19212431469793,46.42305575831698,33.333333333333336,66.66666666666667,0.0,-20.338063342045043,34.970375,25.52248,0.9649319,32.639998,20.729999,39.740002000000004,36.39,1.2311857805685376,industrials,-13.025581513433748
healthcare-plans,6,666069141504.0,-0.640129185129934,-0.09541661954015254,-0.06678314356448056,-4.403351581461967,-3.2166300036901663,-2.2215656548819798,-11.554943135221208,-9.09664523412118,-7.95857826937485,0.0,34.3367118031485,50.95016910597825,35.60564037788403,14.765214476924404,29.12487102700327,20.51659274665888,0.0,66.66666666666667,0.0,-10.558348179736504,19.672938000000002,12.1627075,2.0115387,10.7,9.524999549999999,-13.465000499999999,-4.2400005,1.2769247322431634,healthcare,-13.438200540414448
integrated-freight-logistics,5,211457378304.0,-2.4112152061413705,-2.427486473773457,-2.1989720967785176,-10.092432138006203,-8.37740052714781,-10.352106464563004,-11.651707949747948,-11.281414338352254,-13.337770449570085,20.0,1.5837966017323124,4.737124616026747,0.09516822499902045,34.72171070192127,40.67751770515816,51.97900677957885,20.0,20.0,20.0,-19.359658417065884,26.896849,20.409578,1.6964044,22.690001000000002,16.620001000000002,16.8349995,21.97,1.228013042839167,industrials,-13.534965354941187
aerospace-defense,12,1255108887552.0,-3.403521057443293,-3.103554079238424,-2.6445875455165355,-9.567010160969346,-10.236190764512159,-9.55872800915949,-11.92374689299699,-12.662688476876493,-15.129904195472859,0.0,-5.302630364846661,-10.552683764000037,-6.555146228409825,-0.9116879193504679,-5.98256969822856,-6.052374655216902,0.0,0.0,0.0,-24.83420551541997,28.241957,20.2921855,1.011806075,12.21,12.530000000000003,12.9250005,11.365,1.6194880686352748,industrials,-13.807004298190229
utilities-regulated-electric,23,976678311936.0,-0.5484569814584117,-0.3147369340806611,-0.38548917337843935,-6.10439490437752,-5.796059745560762,-6.132757459703086,-12.376450682728567,-12.833464692346109,-11.64808119190537,0.0,-13.000199865540552,-12.170364927499868,-11.437019511907987,-2.681945473168812,-2.569848440181781,-3.8156291717179713,0.0,0.0,0.0,-14.976871829208704,19.328768,15.92663,3.5272665,7.1499999999999995,7.4399999999999995,4.96,11.3400005,2.1406760752688174,utilities,-14.259708087921807
reit-residential,5,71570471936.0,-0.5034987366253518,-0.4634565371887378,-0.5516464109410868,-7.310017512463096,-7.508047748994236,-8.622435167616938,-12.972895745352918,-13.385816104354625,-14.889843453825968,0.0,5.182054699859617,4.6231900648652084,1.7296842376049115,-3.5360716116485835,-3.846214322197143,-4.743507290346882,0.0,20.0,0.0,-16.236614748014834,31.88779,42.78181,4.51956,-1.17,-13.305,-7.960000000000001,5.29,-3.215468620819241,real-estate,-14.856153150546158
electronic-components,4,443901810688.0,0.28349680822212786,-1.6331637613684225,-1.0049973573496407,4.018061230776349,1.6745941096484473,3.1112029907470418,-13.703972857262126,-12.622410768556364,-12.753453074739674,25.0,19.76665159884665,14.282398473740265,10.75519429017885,43.24380318998584,41.35197557561576,37.09121881390536,75.0,50.0,25.0,-19.951858223083473,36.1275105,21.458422,0.635852815,32.955,24.225,36.3100015,35.485001000000004,0.8857965737874096,technology,-15.587230262455366
airlines,3,112074696704.0,1.3599447223983097,1.253817968530191,1.4619845534508347,5.860379572228647,6.106271872240495,6.999998826247,-14.065154485956288,-15.03249250594434,-17.109108791676764,0.0,21.485741517910917,19.510000335450304,20.50613371999319,30.49322465006894,29.394319408454813,29.374670138726323,0.0,66.66666666666667,0.0,-18.48505146520135,13.951906,8.998857,0.9321830999999999,2.34,48.240003,11.939999499999999,17.18,0.18654345854829235,industrials,-15.948411891149528
auto-manufacturers,3,1519233998848.0,-6.731191971301831,-7.180227843743103,-6.800611972976078,-4.280464576497767,-9.223354281047069,-10.612557054270367,-15.662842189827874,-8.343191788860993,-10.625997617555882,33.33333333333333,-3.8579680169399166,2.068861640235538,3.7939412575646925,-17.894388533557347,3.841943429179525,4.402647038766583,33.333333333333336,0.0,0.0,-27.572059683581053,35.40625,6.2723327,0.8571429,27.450000000000003,11.399999,-7.8600004000000006,12.4,0.5502046710705852,consumer-cyclical,-17.54609959502111
building-materials,3,119998717952.0,-1.8967471427096205,-1.6421452192801074,-2.169439164769793,-10.089317636272844,-9.59616072052651,-9.255131290232054,-18.837040601866406,-18.30999887957222,-17.031231678564595,0.0,-17.334347289888797,-16.230120339059898,-18.24504894300111,-23.603755880581634,-22.64378470379943,-22.33259092978017,0.0,0.0,0.0,-31.950369138534786,28.805193,21.399458,0.8257367999999999,2.3699999,16.139999,-1.52,9.47,1.3258648900783698,basic-materials,-20.720298007059647
semiconductor-equipment-materials,5,1198970261504.0,6.158266174584215,4.498540035064487,3.763436624326344,10.581165992137809,10.333930294738792,11.102876070887401,-20.019563738978775,-17.619572352436023,-17.960676062855473,0.0,45.13862626384268,36.22777856593917,35.33546499002165,134.3412507870015,146.46284469956788,151.32550084918873,80.0,100.0,0.0,-26.651477743363728,54.73497,28.97047,0.3165809,45.069999,23.990000000000002,72.85000000000001,53.74,1.207606085869112,technology,-21.902821144172016
resorts-casinos,3,39519824896.0,-6.565654377658681,-7.988999085873583,-3.52129957074675,-16.034937723288365,-17.201667929958194,-13.69550288044029,-21.62376654708259,-23.179497251290673,-17.7266060330881,0.0,-25.254017381515936,-22.151729038112865,-21.384922180802658,-29.816071040464433,-28.18139802187394,-30.083303283374217,0.0,0.0,0.0,-39.88448474992444,18.466667,14.747949,1.2589701,2.6800001,10.11,-4.24,0.42,1.4587486646884273,consumer-cyclical,-23.50702395227583
advertising-agencies,3,120717612032.0,-6.818638899466722,-4.786368668842274,-4.022083727187775,-8.620153154821264,-11.081343841581292,-11.29737726361234,-43.507789230385995,-29.09124002389393,-36.449084497538145,0.0,-24.88007168379911,-24.520379122085654,-27.027640031210744,-56.305602402906075,-45.934924543364794,-59.22988395643127,0.0,0.0,0.0,-60.410305024368306,22.326189,11.987557,0.0,22.27,10.22,19.229999,26.179999999999996,1.172950782778865,communication-services,-45.39104663557924
