Sector,n,market_cap,cw_1W,ew_1W,med_1W,cw_1M,ew_1M,med_1M,cw_3M,ew_3M,med_3M,pct_positive_3M,cw_6M,ew_6M,med_6M,cw_12M,ew_12M,med_12M,pct_above_50dma,pct_above_200dma,pct_within_5pct_of_52wh,median_pct_from_52wh,median_pe,median_fwd_pe,median_div_yield,median_cy_growth,median_ny_growth,median_cq_growth,median_nq_growth,fwd_pe_over_ny_growth,weight_pct,rs_3m,rs_12m,label,style
energy,21,2421333318656.0,3.0568236453375253,4.246107403298011,4.792492073014287,-1.0151370107398527,-3.603979647393611,-3.582681911730845,17.16284632829206,12.652475810308367,4.634252330048305,66.66666666666666,10.456351638657413,10.135168919388413,1.3000413627513252,46.06602551158512,45.8105240029962,35.10467597604241,47.61904761904762,71.42857142857143,19.047619047619047,-8.058352063761465,17.77351,13.3476305,2.2825839,41.689998,-6.0300004,34.150000000000006,61.689997,-2.2135372495166004,3.301665001660675,14.122130510919373,28.23083495466849,Energy,cyclical
technology,83,27191649204224.0,2.9599564863772576,3.753032477436613,3.0964497987388873,6.439288519629094,4.778092424045082,4.661931480510839,10.995484640274755,8.412096554513603,6.85829584338451,61.44578313253012,37.83214784482165,34.30292162521429,19.819064969283495,31.409461454524855,65.45874846961789,11.00227695521273,63.855421686746986,69.87951807228916,20.481927710843372,-19.995878538889322,30.683077,17.343456,0.16959605,21.92,17.299999999999997,23.87,18.21,1.002511907514451,37.07780164890858,7.95476882290207,13.57427089760823,Technology,cyclical
healthcare,58,6202095741952.0,0.39712187783236264,0.0268833742880865,-0.2631564032610556,1.3969900169562344,0.6622768255539474,-0.7541599260205256,4.233306176982987,7.539271412798268,4.865683984086577,63.793103448275865,13.626448633289456,18.78331404069911,13.603066369409012,18.901434800822848,25.565423814632958,17.962972959104274,48.275862068965516,74.13793103448276,25.862068965517242,-8.283527264337021,25.0573205,16.233154,0.5169642,8.92,10.43,5.645,9.755000250000002,1.5563906040268456,8.45701097423375,1.1925903596103016,1.0662442439062225,Healthcare,defensive
communication-services,20,11751179028992.0,1.2774982110736133,-0.21994767705716237,-0.18049943515034417,3.9923704198867593,-5.5598245220625735,-4.794273851627651,-0.45909061704129117,-3.875581787897011,-3.553738815156188,40.0,7.796344878485706,-6.1052120030353,0.1908962149788862,20.489882971460926,-10.01995253324686,-0.8099482647211775,20.0,40.0,0.0,-15.742438815472587,17.389612999999997,13.8994425,0.6667870100000001,12.115,9.17,18.129998,18.245,1.5157516357688112,16.02359172499533,-3.4998064344139768,2.6546924145443,Communication Services,cyclical
consumer-defensive,34,3468616666624.0,1.8953080245414533,0.6046654440728148,1.3987218800838086,-0.46393068209042987,-4.881971341472418,-4.4362864866697045,-0.47747212504829495,-2.8464471287092747,-3.5674077607561694,38.23529411764706,-2.5402474675896625,-0.1450409748625755,1.1512514503996374,9.260188268896584,4.533741372270271,2.6043469805826502,17.647058823529413,35.294117647058826,2.9411764705882355,-18.39406200149769,21.841502,14.3745195,3.0169555,7.655000249999999,5.9299998,4.28,6.035,2.424033724250716,4.729712412633098,-3.5181879424209805,-8.575002288020041,Consumer Defensive,defensive
basic-materials,20,1022616610816.0,0.9632398508488516,1.4608755965406357,0.7367706260188345,-4.275029951284548,-5.956917876832479,-5.727186902778886,-0.9281319547491229,-0.8972359190613921,-1.8776193975289346,45.0,-4.290893893654757,-5.593750752470302,-5.365272123182913,11.092630250397594,18.443963132100127,18.677340956775524,20.0,40.0,10.0,-16.31729869161747,20.429336,14.623599500000001,1.66214145,12.94,11.210000249999998,6.5600000000000005,29.729998000000002,1.3045137532445643,1.3944125115009498,-3.9688477721218085,-6.742560306519032,Basic Materials,cyclical
consumer-cyclical,54,6738899921920.0,3.22795694882021,0.1615242433279834,0.1104580081613904,-1.1561755592657375,-5.233400273625766,-5.481635608163449,-2.9618156541176277,-7.242998865263115,-6.81273754075073,25.925925925925924,4.726836028488712,-6.69206777601809,-6.567406238237372,-3.2104544474789054,-7.422518652671657,-8.952799730005346,16.666666666666668,24.074074074074073,1.8518518518518519,-22.85160758247546,18.801971,15.253506999999999,1.24255205,9.395000000000001,10.459999999999999,4.73,9.21,1.4582702676864245,9.188982718929054,-6.002531471490313,-21.04564500439553,Consumer Cyclical,cyclical
financial-services,70,7156426448896.0,0.5851353345267318,0.3178643396753741,0.14957968159445834,-6.652868206601981,-6.660551252517381,-6.686655987662854,-3.7043631860336212,-4.144702989163886,-6.671675171435288,21.428571428571427,6.053667523952688,5.5809161754735115,2.871039954911747,1.6754056239023374,2.719707475935418,2.7148701986924872,7.142857142857143,38.57142857142857,4.285714285714286,-14.192617334584611,14.155689500000001,12.155725499999999,1.8242109499999999,13.750000000000002,10.609999,7.1700002,9.41499975,1.1456858289996068,9.75831066347936,-6.745079003406307,-16.159784933014286,Financial Services,cyclical
real-estate,29,1106878002688.0,-0.8786592793249448,-0.8710520252834326,-1.4366562192894339,-6.452839487673733,-7.19168789961607,-7.513519577119587,-6.890571856160843,-8.62402129597818,-9.5703957419908,10.344827586206897,-2.1863199006346146,-2.80060852798095,-2.2018127203155435,3.088898564171183,-1.826896343131535,-2.5848874422058854,0.0,24.137931034482758,0.0,-16.42560659928778,29.38631,30.057858,4.300256999999999,13.61,4.63,3.6799999999999997,7.6450000000000005,6.491977969762419,1.5093090795989839,-9.931287673533529,-14.746291992745443,Real Estate,defensive
industrials,74,4964358803968.0,0.485808912352681,0.3652102304789231,0.4357392106879354,-3.6038370337042935,-3.767123659810512,-4.032504646359353,-7.045337135332552,-6.865876692988447,-6.711747254294314,28.37837837837838,-0.9807348698945506,-1.8219852864785506,-0.7422512338642273,13.48597225513668,9.428123297360434,7.46501237181354,22.972972972972972,44.5945945945946,9.45945945945946,-17.162850264256047,28.1716705,20.174173,1.1550217,12.0499995,12.4350002,11.310001,11.959999999999999,1.6223701387636489,6.769266169370307,-10.086052952705238,-4.3492183017799455,Industrials,cyclical
utilities,31,1312681426944.0,4.417728699759804,4.166285407020245,2.8995300565606508,-4.609510759394675,-4.417285727326936,-4.955548018703748,-8.152671106329823,-8.749471724365995,-9.409502269717828,9.67741935483871,-10.831253372819416,-10.34844164917958,-10.611531765583148,-5.810745166283493,-3.982339164621456,-5.760129950825954,12.903225806451612,12.903225806451612,0.0,-13.760324079299203,20.142632,16.292562,3.2842416,7.3,7.7299999999999995,5.9799999999999995,14.08,2.1077053040103495,1.7899370946899102,-11.193386923702509,-23.645935723200118,Utilities,defensive
