Sector,cw_1M,cw_3M,cw_12M,rank_1M,rank_3M,rank_12M,rank_change_12m_to_3m,rank_change_3m_to_1m,trend,label
energy,0.45960438122434333,15.828226798583799,47.43049447147472,3.0,1.0,1.0,0.0,-2.0,stable,Energy
technology,6.301876414675123,12.876755771081449,33.092248814883504,1.0,2.0,2.0,0.0,1.0,stable,Technology
healthcare,-2.2340425937011243,2.9777044405172814,17.42876517309233,7.0,3.0,4.0,1.0,-4.0,stable,Healthcare
basic-materials,-3.46935491641418,0.8337936479062114,12.716154077589948,8.0,4.0,6.0,2.0,-4.0,stable,Basic Materials
communication-services,3.502477756400202,-0.797169449634727,21.58746357232484,2.0,5.0,3.0,-2.0,3.0,stable,Communication Services
consumer-cyclical,-1.4819724638455933,-1.395366091997774,-1.6589172032905553,5.0,6.0,10.0,4.0,1.0,improving,Consumer Cyclical
financial-services,-7.563643297046951,-1.9886520463787916,2.12261774328224,11.0,7.0,9.0,2.0,-4.0,stable,Financial Services
consumer-defensive,-1.103907275663063,-2.212886494629629,8.554146240252969,4.0,8.0,7.0,-1.0,4.0,stable,Consumer Defensive
industrials,-1.704471058774104,-4.568287313855512,16.516865601573528,6.0,9.0,5.0,-4.0,3.0,deteriorating,Industrials
real-estate,-5.178312860950807,-5.405116169985824,3.573043478558091,10.0,10.0,8.0,-2.0,0.0,stable,Real Estate
utilities,-3.764408289836041,-8.591928005582773,-5.1415782057081305,9.0,11.0,11.0,0.0,2.0,stable,Utilities
